Rk,Player,Pos,Age,Tm,G,GS,MP,FG,FGA,FG%,3P,3PA,3P%,2P,2PA,2P%,FT,FTA,FT%,ORB,DRB,TRB,AST,STL,BLK,TOV,PF,PTS,HGT
1,Tariq Abdul-Wahad\abdulta01,SG,27,TOT,24,12,441,4.5,12,0.374,0.1,0.2,0.5,4.4,11.8,0.372,2,2.7,0.727,3.3,3.5,6.9,2,1.6,0.8,2.2,4.6,11,1.98
2,Shareef Abdur-Rahim\abdursh01,PF,25,ATL,77,77,2980,7.2,15.7,0.461,0.3,0.8,0.3,7,14.8,0.47,5.1,6.3,0.801,2.4,6,8.4,2.9,1.2,1,3,2.6,19.8,2.06
3,Courtney Alexander\alexaco02,SG,24,WAS,56,28,1325,6.1,12.9,0.47,0.1,0.5,0.278,5.9,12.4,0.478,2.7,3.3,0.81,1.2,2.9,4,2.3,1,0.2,1.6,3.1,14.9,1.96
4,Victor Alexander\alexavi01,C,32,DET,15,0,97,6.7,18.9,0.353,0,0.7,0,6.7,18.2,0.367,1.5,3,0.5,2.6,8.2,10.8,2.2,0,0.4,1.9,2.2,14.8,2.06
5,Malik Allen\allenma01,PF,23,MIA,12,2,161,4.9,11.4,0.431,0,0.2,0,4.9,11.2,0.44,1.8,2.2,0.8,3.4,5.1,8.5,1.1,0.7,1.8,0.4,3.6,11.6,2.08
6,Ray Allen*\allenra02,SG,26,MIL,69,67,2525,7.6,16.4,0.462,3.3,7.5,0.434,4.3,8.8,0.485,3.1,3.5,0.873,1.2,3.3,4.4,3.9,1.3,0.3,2.3,2.2,21.4,1.96
7,Rafer Alston\alstora01,PG,25,MIL,50,7,600,4,11.5,0.346,1.6,4.3,0.38,2.3,7.2,0.325,1.1,1.7,0.621,0.6,3.7,4.3,8.6,1.9,0.1,2.4,2.5,10.6,1.88
8,John Amaechi\amaecjo01,PF,31,UTA,54,0,586,3.3,10.2,0.325,0,0,,3.3,10.2,0.325,4.1,6.5,0.638,3.2,3.5,6.7,1.8,0.4,0.6,3.4,3.9,10.8,2.08
9,Chris Andersen\anderch01,C,23,DEN,24,1,262,3.4,10.2,0.338,0,0.5,0,3.4,9.6,0.357,3,3.8,0.786,5.2,5.2,10.4,1,1,3.8,1.8,4.8,9.9,2.08
10,Derek Anderson\anderde01,SG,27,POR,70,27,1860,4.8,11.8,0.404,1.6,4.4,0.373,3.1,7.4,0.422,3.4,4,0.856,0.9,2.7,3.7,4.2,1.3,0.2,1.7,2.2,14.7,1.96
11,Kenny Anderson\anderke01,PG,31,BOS,76,76,2430,4.6,10.6,0.436,0.1,0.5,0.273,4.5,10.1,0.444,1.5,2,0.742,0.8,3.2,4.1,6,2.1,0.1,1.8,3.1,10.8,1.83
12,Nick Anderson\anderni01,SG,34,MEM,15,0,219,3.5,12.5,0.276,2.1,7.9,0.271,1.3,4.6,0.286,0.8,1.5,0.556,0.2,5.3,5.4,2.3,1,1,2.3,2.8,9.9,1.98
13,Shandon Anderson\andersh01,SG,28,NYK,82,6,1596,3.4,8.4,0.399,0.9,3.2,0.277,2.5,5.2,0.474,1.7,2.4,0.692,1.3,4.3,5.6,1.7,1.1,0.3,2.2,3,9.3,1.98
14,Greg Anthony\anthogr01,PG,34,TOT,60,38,1514,4.4,11.3,0.385,1.1,3.9,0.294,3.2,7.4,0.433,1.4,2.2,0.659,0.5,2.6,3.1,6.7,1.8,0.1,2.2,2.7,11.3,1.83
15,Gilbert Arenas\arenagi01,PG,20,GSW,47,30,1155,5.4,12,0.453,1.2,3.5,0.345,4.2,8.4,0.498,3.9,5,0.775,1.3,2.8,4.1,5.4,2.2,0.3,3,3.6,15.9,1.93
16,Brandon Armstrong\armstbr01,SG,21,NJN,35,0,196,5,15.6,0.318,0.9,3.1,0.294,4,12.5,0.324,0.9,1.8,0.5,1.8,1.1,2.9,1.5,1.3,0.2,1.5,4.8,11.8,1.96
17,Darrell Armstrong\armstda01,PG,33,ORL,82,79,2730,4.6,10.9,0.419,1.8,5.2,0.349,2.7,5.7,0.484,2.4,2.7,0.888,1.1,3.1,4.2,6,2.1,0.1,2.3,2.2,13.4,1.83
18,Carlos Arroyo\arroyca01,PG,22,TOT,37,1,371,4.8,10.8,0.441,0,0.2,0,4.8,10.6,0.45,1.3,1.7,0.722,1.2,2.7,3.9,6.8,1.1,0.1,2.2,2.9,10.8,1.88
19,Chucky Atkins\atkinch01,PG,27,DET,79,62,2285,5.8,12.4,0.466,2.2,5.3,0.411,3.6,7.2,0.507,1.3,1.9,0.692,0.5,2,2.5,4.1,1.1,0.2,2,2.8,15.1,1.8
20,Stacey Augmon\augmost01,SG,33,CHH,77,3,1319,3.8,9,0.427,0,0.1,0,3.8,8.9,0.431,2.1,2.8,0.762,1.6,4.5,6.1,2.8,1.5,0.3,1.5,3.1,9.7,2.03
21,Isaac Austin\austiis01,C,32,MEM,21,8,307,4.2,10.8,0.391,0,0.4,0,4.2,10.4,0.404,0.5,0.5,1,1.3,7,8.3,1.5,1.1,0.6,1.3,4.2,8.9,2.08
22,William Avery\averywi01,PG,22,MIN,28,0,258,3.6,12.6,0.289,0.8,4.9,0.171,2.8,7.7,0.364,1.8,2.7,0.684,0.6,2.8,3.3,5,1,0,2.7,2.4,9.9,1.88
23,Dalibor Bagarić\bagarda01,C,21,CHI,50,0,638,4.1,10,0.404,0,0.1,0,4.1,10,0.407,2.3,3.9,0.586,3.1,6,9.1,1.3,1,1.4,2.6,6.1,10.4,2.16
24,Vin Baker\bakervi01,C,30,SEA,55,41,1710,6.6,13.7,0.485,0,0.2,0.125,6.6,13.5,0.49,3,4.8,0.633,3.5,3.8,7.4,1.5,0.5,0.8,2.7,4.1,16.3,2.11
25,Erick Barkley\barkler01,PG,23,POR,19,4,228,3.8,10.7,0.353,0.2,1.1,0.143,3.6,9.6,0.377,1.4,1.6,0.9,0.8,2.1,2.8,5.4,2.7,0.2,1.9,4.6,9.2,1.85
26,Dana Barros\barroda01,PG,34,DET,29,20,582,4.6,11.9,0.385,1.5,4.4,0.338,3.1,7.5,0.413,1.3,1.7,0.778,0.1,3.5,3.5,4.8,0.9,0.1,2,2.3,11.9,1.8
27,Brent Barry\barrybr01,SG,30,SEA,81,81,3040,4.7,9.4,0.508,1.9,4.6,0.424,2.8,4.8,0.588,2.3,2.8,0.846,0.7,4.5,5.2,5,1.7,0.4,2,2.2,13.8,1.98
28,Jon Barry\barryjo01,SG,32,DET,82,6,1985,4.6,9.5,0.489,2.2,4.7,0.469,2.4,4.8,0.508,2,2.1,0.931,0.8,3.5,4.2,5,1.7,0.4,2,2.4,13.4,1.93
29,Mengke Bateer\bateeme01,C,26,DEN,27,10,408,4.7,11.6,0.402,0.4,1.1,0.333,4.3,10.6,0.408,2.6,3.3,0.784,2.8,5.6,8.5,1.9,0.9,0.4,2.8,8.3,12.3,2.11
30,Tony Battie\battito01,C,25,BOS,74,73,1819,4.2,7.7,0.541,0,0,0,4.2,7.7,0.544,1.7,2.6,0.677,3.6,5.9,9.5,0.7,1.2,1.3,1,4.3,10.1,2.11
31,Shane Battier\battish01,SF,23,MEM,78,78,3097,4.8,11.2,0.429,1.2,3.2,0.373,3.6,8,0.451,2.3,3.3,0.7,2.1,2.8,4.9,2.5,1.4,0.9,1.8,2.5,13.1,2.03
32,Charlie Bell\bellch01,SG,22,TOT,7,0,44,2.5,9,0.273,0,4.9,0,2.5,4.1,0.6,1.6,1.6,1,1.6,2.5,4.1,1.6,0,0,4.1,2.5,6.5,1.9
33,Raja Bell\bellra01,SG,25,PHI,74,12,890,4.2,9.7,0.429,0.5,1.8,0.273,3.7,7.9,0.464,1.5,1.9,0.75,1.3,3.2,4.5,2.9,0.8,0.2,1.9,4.4,10.3,1.96
34,Jonathan Bender\bendejo01,SF,21,IND,78,17,1647,4.3,10.1,0.43,1,2.7,0.36,3.3,7.3,0.457,3.1,4,0.773,1.4,3.9,5.3,1.4,0.4,1.1,2.1,3.2,12.7,2.11
35,Travis Best\besttr01,PG,29,TOT,74,21,1747,4.7,10.7,0.44,0.4,1.2,0.356,4.3,9.5,0.451,2.1,2.4,0.897,0.4,2.7,3.1,6.7,1.8,0.1,2,3.6,12,1.8
36,Mike Bibby\bibbymi01,PG,23,SAC,80,80,2659,6,13.3,0.453,0.7,1.9,0.37,5.3,11.5,0.466,2.1,2.6,0.803,0.5,2.5,3,5.5,1.2,0.2,1.8,1.8,14.9,1.85
37,Chauncey Billups\billuch01,PG,25,MIN,82,54,2355,5.3,12.6,0.423,1.9,4.8,0.394,3.4,7.8,0.441,3.2,3.6,0.885,0.5,2.9,3.5,6.9,1,0.3,2.1,2.6,15.7,1.9
38,Mookie Blaylock\blaylmo01,PG,34,GSW,35,0,599,3,8.8,0.342,0.9,2.5,0.357,2.1,6.3,0.337,0.2,0.5,0.5,0.5,2.6,3.1,6.9,1.4,0.2,2.2,1.2,7.2,1.83
39,Corie Blount\blounco01,PF,33,PHI,72,21,1426,2.9,6.3,0.458,0,0,0,2.9,6.3,0.46,0.7,1.1,0.644,3.8,5.5,9.3,1.1,1.2,0.7,1.3,4.4,6.5,2.06
40,Mark Blount\blounma01,C,26,BOS,44,0,415,2.8,6.6,0.421,0,0,,2.8,6.6,0.421,2.6,3.2,0.811,2.3,5.1,7.4,0.9,1.4,1.6,2,5.1,8.2,2.13
41,Calvin Booth\boothca01,C,25,SEA,15,15,279,4.5,10.6,0.427,0,0,,4.5,10.6,0.427,3,3.1,0.958,2.6,4.4,7,2.1,0.8,1.7,2.1,6.1,12,2.11
42,Ruben Boumtje-Boumtje\boumtru01,C,23,POR,33,1,245,1.9,4.7,0.406,0,0,,1.9,4.7,0.406,1.9,3.7,0.52,3.1,5,8.1,0.6,0.4,2.4,2.1,5.6,5.7,2.13
43,Cal Bowdler\bowdlca01,PF,24,ATL,52,0,585,3.8,10.7,0.351,0.1,0.3,0.2,3.7,10.4,0.355,2.4,2.9,0.83,2.3,4.4,6.8,0.7,1.1,0.9,0.7,3.9,10,2.08
44,Bruce Bowen\bowenbr01,SF,30,SAS,59,59,1699,3.3,8.4,0.389,1.2,3.1,0.378,2.1,5.3,0.396,1,2,0.479,0.9,2.5,3.4,1.9,1.3,0.5,1.4,2.5,8.7,1.85
45,Ryan Bowen\bowenry01,SF,26,DEN,75,21,1686,3.1,6.6,0.479,0,0.3,0.083,3.1,6.3,0.495,1.5,2,0.75,2.9,3.5,6.4,1.1,1.6,0.9,0.9,3.7,7.8,2.01
46,Ira Bowman\bowmair01,SG,28,PHI,3,0,29,6.2,8.7,0.714,0,1.2,0,6.2,7.4,0.833,0,0,,0,1.2,1.2,1.2,2.5,0,0,3.7,12.4,1.96
47,Earl Boykins\boykiea01,PG,25,LAC,68,2,761,5.2,13,0.4,0.6,2,0.31,4.6,11,0.416,2.2,2.9,0.77,1.3,1.3,2.6,6.9,0.9,0.1,2.1,2.1,13.2,1.65
48,Michael Bradley\bradlmi01,PF,22,TOR,26,0,118,4,7.6,0.52,0,0.6,0,4,7,0.565,1.2,2.4,0.5,2.1,5.2,7.3,0.9,0,1.8,1.8,3.1,9.2,2.08
49,Shawn Bradley\bradlsh01,C,29,DAL,53,16,757,3.7,7.8,0.479,0,0,0,3.7,7.7,0.481,2.8,3,0.922,2.5,5.8,8.4,1,1.3,3,1.2,6.1,10.2,2.29
50,Elton Brand\brandel01,PF,22,LAC,80,80,3020,6.3,12,0.527,0,0,,6.3,12,0.527,4.6,6.2,0.742,4.7,6.3,11,2.3,1,1.9,2.1,3,17.3,2.03
51,Terrell Brandon\brandte01,PG,31,MIN,32,28,962,5.8,13.7,0.425,0.1,0.9,0.174,5.7,12.8,0.442,3.1,3.1,0.988,0.6,2.8,3.5,9.9,1.9,0.2,1.6,1.8,14.9,1.8
52,Jamison Brewer\breweja01,SG,21,IND,13,0,43,1.7,4.2,0.4,0,0.8,0,1.7,3.3,0.5,0,0,,1.7,5,6.7,7.5,1.7,0,2.5,2.5,3.3,1.93
53,Primož Brezec\brezepr01,C,22,IND,22,4,160,3.2,6.5,0.483,0,0,,3.2,6.5,0.483,3.4,5.6,0.6,3.6,2.7,6.3,1.4,0,1.6,1.4,6.3,9.7,2.18
54,Chucky Brown\brownch01,SF,33,SAC,18,0,92,3.9,10.6,0.37,0,0,,3.9,10.6,0.37,0.4,0.8,0.5,3.9,9,12.9,2.3,0.8,1.6,2,4.7,8.2,2.01
55,Damone Brown\brownda02,SF,22,PHI,17,0,67,4.3,11.3,0.381,0,0.5,0,4.3,10.7,0.4,3.8,4.3,0.875,1.1,1.1,2.1,1.1,0.5,0.5,4.8,5.9,12.4,2.06
56,Dee Brown\brownde01,PG,33,ORL,7,0,65,1.7,11.1,0.15,0.6,6.6,0.083,1.1,4.4,0.25,0,0,,0,5,5,1.1,1.7,0.6,2.2,2.2,3.9,1.85
57,Ernest Brown\browner01,C,22,MIA,3,0,21,1.7,10.3,0.167,0,0,,1.7,10.3,0.167,1.7,6.9,0.25,1.7,8.6,10.3,0,0,1.7,5.1,6.9,5.1,2.13
58,Kedrick Brown\brownke01,SF,20,BOS,29,5,245,3.4,10.3,0.329,0.7,4,0.185,2.6,6.3,0.419,1.8,2.9,0.6,1.6,5.7,7.3,2.2,2.6,1,1,2.6,9.3,2.01
59,Kwame Brown\brownkw01,PF,19,WAS,57,3,817,4.1,10.7,0.387,0,0,0,4.1,10.7,0.388,3.1,4.4,0.707,2.8,5.9,8.7,1.9,0.7,1.1,1.9,4.6,11.4,2.11
60,P.J. Brown\brownpj01,C,32,CHH,80,80,2563,3.5,7.4,0.474,0,0,,3.5,7.4,0.474,2.4,2.8,0.858,3.8,7.2,11,1.5,0.8,1.1,1.2,3.1,9.4,2.11
61,Randy Brown\brownra02,PG,33,BOS,1,0,6,0,6,0,0,0,,0,6,0,0,0,,0,0,0,12,0,6,0,6,0,1.88
62,Tierre Brown\brownti01,SG,22,HOU,40,1,403,4.4,10.3,0.426,0.4,1.1,0.333,4,9.2,0.437,1.9,2.5,0.75,1.1,2.7,3.8,6.3,1.7,0.3,3.6,2.3,11,1.88
63,Rick Brunson\brunsri01,PG,29,POR,59,2,520,3.1,7.8,0.398,0.4,0.8,0.545,2.7,7.1,0.382,2,2.8,0.707,1.6,3.1,4.7,7.9,1.7,0.1,3.3,3.5,8.7,1.93
64,Kobe Bryant*\bryanko01,SG,23,LAL,80,80,3063,8.8,18.8,0.469,0.4,1.6,0.25,8.4,17.2,0.489,5.7,6.9,0.829,1.3,3.9,5.2,5.1,1.4,0.4,2.6,2.7,23.7,1.98
65,Mark Bryant\bryanma01,PF,36,SAS,30,3,206,4.4,9.6,0.455,0,0,,4.4,9.6,0.455,1,1.4,0.75,4.4,3.3,7.7,1.7,1.2,0.3,1,6.6,9.8,2.06
66,Greg Buckner\buckngr01,SG,25,DAL,44,16,885,4.2,8.1,0.525,0.2,0.7,0.313,4,7.4,0.544,1.6,2.4,0.69,2.7,4.3,7,2,1.3,0.8,1.1,5,10.3,1.93
67,Jud Buechler\buechju01,SF,33,TOT,66,2,684,2.3,6.2,0.373,1.1,3.2,0.35,1.2,3.1,0.397,0.1,0.2,0.5,1.5,4.6,6.1,1.7,1.1,0.4,0.8,2.8,5.8,1.98
68,Rodney Buford\buforro01,SG,24,MEM,63,21,1769,5.3,12.1,0.435,0.3,1.4,0.243,4.9,10.6,0.461,1.2,1.6,0.725,1.1,4.5,5.5,1.4,0.9,0.2,1.3,2.2,12,1.96
69,Matt Bullard\bullama01,PF,34,CHH,31,0,350,4,11.8,0.339,1.6,5.9,0.281,2.4,6,0.397,1.1,1.2,0.917,1,3.8,4.8,1.6,0.2,0.2,1.2,3,10.8,2.08
70,Mitchell Butler\butlemi02,SG,31,POR,11,0,90,4,9.2,0.435,0.4,1.2,0.333,3.6,8,0.45,3.2,4.8,0.667,2.4,3.2,5.6,2,0,0.4,2,4,11.6,1.96
71,Jason Caffey\caffeja01,PF,28,MIL,23,0,283,4.6,9.2,0.5,0,0.1,0,4.6,9,0.507,3.4,5.5,0.628,3.1,3.3,6.4,1.5,0.5,0.6,2.4,5,12.6,2.03
72,Marcus Camby\cambyma01,C,27,NYK,29,29,1007,4.6,10.4,0.448,0,0,0,4.6,10.3,0.45,2.2,3.5,0.626,3.2,8.3,11.5,1.2,1.2,1.8,1.5,3.8,11.5,2.11
73,Elden Campbell\campbel01,PF,33,CHH,77,74,2156,6.4,13.3,0.484,0,0,0,6.4,13.2,0.485,5.1,6.4,0.797,2.2,6.6,8.8,1.7,1,2.3,2.3,4.4,17.9,2.11
74,Brian Cardinal\cardibr01,PF,24,DET,8,0,43,5,10.9,0.462,2.5,5.9,0.429,2.5,5,0.5,1.7,1.7,1,1.7,3.3,5,1.7,0.8,0,0,4.2,14.2,2.03
75,Anthony Carter\cartean01,PG,26,MIA,46,18,1050,3.1,8.9,0.342,0,0.7,0.053,3,8.3,0.365,0.7,1.2,0.528,0.7,3.4,4,7.3,1.7,0.1,2.5,2.9,6.8,1.85
76,Vince Carter\cartevi01,SG,25,TOR,60,60,2385,8.4,19.7,0.428,1.8,4.7,0.387,6.6,15,0.441,3.7,4.6,0.798,2.1,2.6,4.7,3.6,1.4,0.6,2.3,2.9,22.4,1.98
77,Sam Cassell\cassesa01,PG,32,MIL,74,73,2605,7.7,16.5,0.463,1,2.8,0.348,6.7,13.7,0.486,3.9,4.5,0.86,0.7,3.6,4.3,6.8,1.2,0.2,2.4,2.9,20.2,1.9
78,Kelvin Cato\catoke01,C,27,HOU,75,73,1917,3.6,6.1,0.583,0,0,0,3.6,6.1,0.585,2.1,3.6,0.582,3.3,6.6,9.9,0.5,0.8,1.8,1,3.9,9.3,2.11
79,Tyson Chandler\chandty01,C,19,CHI,71,31,1389,3.9,7.9,0.497,0,0,,3.9,7.9,0.497,3.5,5.8,0.604,3,5.9,8.9,1.4,0.7,2.4,2.6,4.6,11.3,2.13
80,Calbert Cheaney\cheanca01,SG,30,DEN,68,47,1631,4.9,10.3,0.481,0,0.1,0,4.9,10.2,0.485,1,1.5,0.687,1.3,4,5.3,2.4,0.8,0.5,1.5,3.4,10.9,2.01
81,Chris Childs\childch01,PG,34,TOR,69,4,1576,2.2,6.8,0.328,0.8,2.7,0.275,1.5,4,0.364,1.3,1.6,0.817,0.4,3.1,3.5,8,1.3,0.1,2.8,4,6.5,1.9
82,Doug Christie\chrisdo01,SG,31,SAC,81,81,2798,4.3,9.5,0.46,1.2,3.3,0.352,3.2,6.2,0.518,2.7,3.1,0.851,1,3.9,4.8,4.4,2.1,0.3,2.1,2.7,12.5,1.98
83,Keon Clark\clarkke01,C,26,TOR,81,31,2185,6.3,12.8,0.49,0,0.1,0,6.3,12.7,0.494,2.6,3.8,0.674,3,6.9,9.9,1.4,1,2,2.3,4.3,15.1,2.11
84,Speedy Claxton\claxtsp01,PG,23,PHI,67,18,1528,4.3,10.6,0.4,0.1,0.8,0.121,4.2,9.9,0.422,2.7,3.2,0.838,1.1,2.7,3.8,4.7,2.2,0.1,2.2,3.4,11.3,1.98
85,Mateen Cleaves\cleavma01,PG,24,SAC,32,0,153,7.1,16,0.441,0.5,1.9,0.25,6.6,14.1,0.467,1.9,2.1,0.889,0.2,1.6,1.9,5.9,1.6,0,6.4,2.1,16.5,1.88
86,Derrick Coleman\colemde01,PF,34,PHI,58,58,2080,5.7,12.7,0.45,0.5,1.4,0.337,5.2,11.3,0.465,3.2,3.9,0.815,2.9,5.9,8.8,1.7,0.7,0.9,2.1,2.7,15.1,2.08
87,Bimbo Coles\colesbi01,PG,33,CLE,47,1,693,2.9,7.6,0.384,0.2,1,0.2,2.7,6.5,0.413,1.7,1.9,0.892,0.6,2.2,2.9,5.6,0.7,0.2,1.6,3.1,7.7,1.85
88,Jason Collier\collija02,C,24,HOU,25,2,365,4,9.4,0.432,0,0.1,0,4,9.3,0.436,2.4,3.2,0.75,3.1,5,8.1,0.9,0.6,0.4,1.3,3.9,10.5,2.13
89,Jarron Collins\collija03,C,23,UTA,70,68,1440,3.9,8.6,0.461,0,0,0,3.9,8.6,0.462,3.3,4.5,0.74,3.4,3.9,7.4,1.4,0.7,0.5,1.4,5.9,11.3,2.11
90,Jason Collins\collija04,C,23,NJN,77,9,1407,3,7.1,0.421,0,0.1,0.5,3,7.1,0.42,2.9,4.2,0.701,3.4,4.3,7.7,2.1,0.7,1.2,1.8,4.4,9,2.13
91,Chris Crawford\crawfch01,PF,26,ATL,7,4,131,5.8,12.4,0.467,0,0.3,0,5.8,12.1,0.477,3,4.1,0.733,2.5,4.4,6.9,1.4,0.5,1.4,2.7,5.8,14.6,2.06
92,Jamal Crawford\crawfja01,PG,21,CHI,23,6,481,6.7,14,0.476,1.9,4.3,0.448,4.7,9.7,0.488,0.7,1,0.769,0.4,2.2,2.5,4.1,1.3,0.4,2.4,1.3,16,1.96
93,Joe Crispin\crispjo01,PG,22,TOT,21,0,156,6,15.7,0.382,3.5,9,0.385,2.5,6.7,0.379,2.8,3,0.923,0.5,2.1,2.5,6,1.2,0,2.3,2.3,18.2,1.83
94,Austin Croshere\croshau01,PF,26,IND,76,1,1286,5.2,12.5,0.413,1.4,4.1,0.338,3.8,8.5,0.449,2.7,3.2,0.851,2.1,6.2,8.2,2.2,0.7,0.8,1.9,3,14.4,2.06
95,John Crotty\crottjo01,PG,32,UTA,41,0,802,4.4,9.3,0.471,1.4,3.1,0.449,3,6.2,0.482,2.6,3,0.864,0.7,2.6,3.4,6.3,0.9,0,2.3,3.5,12.7,1.85
96,Vonteego Cummings\cummivo01,PG,25,PHI,58,1,501,5.6,13.4,0.417,0.9,3.3,0.261,4.7,10.1,0.468,1.7,2.3,0.75,1,2.7,3.7,4.3,1.3,0.4,2.6,3.8,13.8,1.9
97,Dell Curry\curryde01,SG,37,TOR,56,4,886,5.7,14.1,0.406,1.8,5.3,0.344,3.9,8.8,0.444,1.3,1.5,0.892,0.9,2.4,3.3,2.5,0.9,0.2,1.7,2,14.6,1.93
98,Eddy Curry\curryed01,C,19,CHI,72,31,1150,5.9,11.8,0.501,0,0,,5.9,11.8,0.501,3.3,5,0.656,3.5,5,8.5,0.8,0.5,1.7,2.2,5.4,15.1,2.13
99,Michael Curry\currymi01,SG,33,DET,82,75,1912,2.4,5.2,0.453,0.1,0.5,0.269,2.2,4.7,0.472,1.4,1.7,0.791,0.3,2.9,3.2,2.4,0.9,0.2,1.1,3.9,6.2,1.96
100,Samuel Dalembert\dalemsa01,C,20,PHI,34,0,177,4.5,10.2,0.44,0,0,,4.5,10.2,0.44,1.4,3.7,0.389,5.1,8.7,13.8,1,1.2,2.6,2.8,6.1,10.4,2.11
101,Erick Dampier\dampier01,C,26,GSW,73,46,1740,4.3,9.9,0.435,0,0,,4.3,9.9,0.435,2.8,4.4,0.645,3.5,4.6,8,1.8,0.4,3.5,3.2,4.9,11.5,2.11
102,Antonio Daniels\daniean01,SG,26,SAS,82,13,2175,4.5,10.1,0.44,0.9,3.2,0.291,3.5,6.9,0.51,2.6,3.5,0.752,0.4,2.5,2.9,3.8,0.8,0.2,1.2,1.7,12.5,1.93
103,Antonio Davis\davisan01,PF,33,TOR,77,77,2978,5,11.6,0.426,0,0,0,5,11.6,0.426,3.5,4.3,0.818,3.1,5.9,8.9,1.9,0.7,1,1.9,2.7,13.5,2.06
104,Baron Davis\davisba01,PG,22,CHH,82,82,3318,6.1,14.5,0.417,1.8,5.2,0.356,4.2,9.4,0.451,2.1,3.7,0.58,1,2.8,3.8,7.6,1.9,0.5,2.7,2.6,16.1,1.9
105,Dale Davis\davisda01,C,32,POR,78,77,2447,4.4,8.5,0.51,0,0,,4.4,8.5,0.51,2.2,3.1,0.708,3.9,6.3,10.1,1.4,0.9,1.2,0.9,2.8,10.9,2.11
106,Emanual Davis\davisem01,PG,33,ATL,28,20,774,3.3,9.2,0.354,1.3,4,0.341,1.9,5.3,0.363,0.7,0.8,0.889,0.9,2.6,3.4,3.2,1.3,0.2,2.4,3.2,8.6,1.93
107,Hubert Davis\davishu01,SG,31,WAS,51,17,1231,4.3,9.5,0.448,1.7,3.7,0.452,2.6,5.8,0.445,0.5,0.6,0.762,0.2,2,2.3,3.1,0.8,0.1,1.3,1.7,10.7,1.96
108,Ricky Davis\davisri01,SF,22,CLE,82,8,1954,6.9,14.4,0.481,0.2,0.6,0.314,6.7,13.7,0.489,3.6,4.6,0.79,1.2,3.3,4.5,3.3,1.3,0.4,2.7,2.7,17.7,1.98
109,Andrew DeClercq\declean01,C,28,ORL,61,14,633,3.8,8.5,0.45,0,0,,3.8,8.5,0.45,1.6,2.8,0.56,4.2,5.1,9.3,1.3,1.3,1.4,1.9,7.4,9.2,2.08
110,Vinny Del Negro\delnevi01,PG,35,PHO,2,0,6,6,24,0.25,0,0,,6,24,0.25,0,0,,0,0,0,12,0,0,0,0,12,1.93
111,Tony Delk\delkto01,SG,28,TOT,63,17,1447,5.6,14.6,0.384,1.7,5.3,0.313,4,9.3,0.425,1.9,2.4,0.804,1.4,3.6,5.1,3.3,1.3,0.2,1.5,2.4,14.9,1.85
112,Derrick Dial\dialde01,SG,26,TOT,32,0,299,4.9,14.4,0.342,0.1,1.3,0.091,4.8,13.1,0.367,2.2,2.9,0.75,1.7,5.1,6.7,4.2,1.2,0.5,1.9,1.6,12.2,1.93
113,Michael Dickerson\dickemi01,SG,26,MEM,4,4,124,4.4,13.9,0.313,2.3,6.1,0.381,2,7.8,0.259,1.5,1.7,0.833,0.9,2.6,3.5,2.6,0.9,0.3,2.3,3.5,12.5,1.96
114,DeSagana Diop\diopde01,C,20,CLE,18,1,109,4,9.6,0.414,0,0,,4,9.6,0.414,0.3,1.7,0.2,1.7,4,5.6,1.7,0.3,3.3,4,6.3,8.3,2.13
115,Vlade Divac*\divacvl01,C,33,SAC,80,80,2420,5,10.7,0.472,0,0.2,0.231,5,10.5,0.477,3.1,5.1,0.615,3,6.9,10,4.4,1.2,1.4,2.4,3.4,13.2,2.16
116,Michael Doleac\doleami01,C,24,CLE,42,15,705,4,9.5,0.417,0,0,,4,9.5,0.417,1.9,2.3,0.826,2.4,6.2,8.6,1.3,0.8,0.6,1.9,5,9.9,2.11
117,Keyon Dooling\doolike01,PG,21,LAC,14,0,155,5.1,13.2,0.386,0.9,3.3,0.286,4.2,10,0.419,2.3,2.8,0.833,0,0.7,0.7,2.8,0.9,0.7,2.3,4.6,13.5,1.9
118,Bryce Drew\drewbr01,PG,27,CHH,61,0,774,3.6,8.5,0.429,1.4,3.4,0.425,2.2,5.1,0.431,1.1,1.3,0.793,0.7,2.7,3.3,4.7,1.5,0.1,1.5,2.3,9.8,1.88
119,Predrag Drobnjak\drobnpr01,C,26,SEA,64,12,1174,5.9,12.7,0.461,0,0.1,0,5.9,12.6,0.464,1.7,2.2,0.753,2.3,4.4,6.7,1.6,0.6,1,1.6,3.3,13.4,2.11
120,Chris Dudley\dudlech02,C,36,POR,43,2,327,2.2,5.5,0.4,0,0.2,0,2.2,5.3,0.417,0.9,1.7,0.533,3,5.8,8.8,1.4,0.3,1.5,1.5,4.6,5.3,2.11
121,Tim Duncan*\duncati01,PF,25,SAS,82,82,3329,8.3,16.3,0.508,0,0.1,0.1,8.3,16.2,0.511,6.1,7.6,0.799,2.9,8.4,11.3,3.3,0.7,2.2,2.8,2.3,22.6,2.11
122,Howard Eisley\eisleho01,PG,29,NYK,39,0,609,3.5,10.3,0.337,0.8,3.4,0.241,2.7,6.9,0.385,2.3,2.9,0.796,0.5,2.4,2.9,5.9,1.4,0.2,3.1,3.3,10.1,1.88
123,Obinna Ekezie\ekeziob01,PF,26,LAC,29,1,152,3.1,9.2,0.333,0,0,,3.1,9.2,0.333,6.6,9.5,0.7,2.8,5.2,8.1,0.7,0.5,1.4,2.4,3.8,12.8,2.06
124,LaPhonso Ellis\ellisla01,SF,31,MIA,66,14,1684,4,9.7,0.418,0.8,2.7,0.306,3.2,7,0.46,1.1,1.8,0.631,2.3,3.8,6.1,1.2,0.6,0.8,1.6,4.2,10,2.03
125,Evan Eschmeyer\eschmev01,C,26,DAL,31,6,299,2.5,6,0.42,0,0,,2.5,6,0.42,2.4,4,0.606,4.2,7.6,11.8,1.1,1.2,1.1,1.9,7.2,7.5,2.11
126,Maurice Evans\evansma01,SG,23,MIN,10,0,45,7.2,15.2,0.474,0,2.4,0,7.2,12.8,0.563,2.4,3.2,0.75,2.4,0.8,3.2,3.2,0,0,1.6,7.2,16.8,1.96
127,Patrick Ewing*\ewingpa01,C,39,ORL,65,4,901,5.9,13.3,0.444,0,0,0,5.9,13.3,0.446,3.8,5.4,0.701,2.4,8.1,10.5,1.4,0.9,1.8,2.6,5.2,15.6,2.13
128,Danny Ferry\ferryda01,SF,35,SAS,50,2,799,3.4,8,0.429,1.9,4.5,0.434,1.5,3.5,0.423,1.5,1.6,0.944,0.7,3.4,4.1,2.2,0.7,0.4,1,3.2,10.3,2.08
129,Michael Finley\finlemi01,SF,28,DAL,69,69,2754,7.4,16.1,0.463,1,2.9,0.339,6.4,13.1,0.491,2.7,3.3,0.837,1.2,3.5,4.7,3,0.8,0.3,1.5,1.9,18.6,2.01
130,Derek Fisher\fishede01,PG,27,LAL,70,35,1974,5,12.1,0.411,2.6,6.4,0.413,2.4,5.8,0.41,1.7,2,0.847,0.3,2.4,2.7,3.3,1.2,0.2,1.1,2.2,14.3,1.85
131,Marcus Fizer\fizerma01,PF,23,CHI,76,20,1963,6.8,15.6,0.438,0.1,0.8,0.171,6.7,14.8,0.451,3.5,5.2,0.668,2.3,5.5,7.8,2.2,0.9,0.4,2.4,3.4,17.2,2.06
132,Isaac Fontaine\fontais01,SG,26,MEM,6,0,75,1.4,6.7,0.214,0.5,2.4,0.2,1,4.3,0.222,1.9,2.9,0.667,0,2.4,2.4,1.9,0,0,1.9,2.9,5.3,1.93
133,Alton Ford\fordal02,PF,20,PHO,53,0,452,4.9,9.4,0.517,0,0,,4.9,9.4,0.517,3.3,4.5,0.737,2.5,6,8.5,0.6,0.5,0.6,2.5,7.9,13.1,2.06
134,Joseph Forte\fortejo01,SG,20,BOS,8,0,39,0.9,11.1,0.083,0,2.8,0,0.9,8.3,0.111,3.7,3.7,1,0.9,4.6,5.5,5.5,1.8,0,2.8,0.9,5.5,1.93
135,Danny Fortson\fortsda01,PF,25,GSW,77,76,2216,5,11.7,0.428,0,0.1,0.25,5,11.7,0.429,4,5,0.795,4.7,9.9,14.6,2.1,0.7,0.3,2.6,4.1,14,2.01
136,Greg Foster\fostegr01,PF,33,MIL,6,0,24,3,13.5,0.222,0,6,0,3,7.5,0.4,4.5,6,0.75,0,12,12,1.5,0,0,0,6,10.5,2.11
137,Jeff Foster\fosteje01,C,25,IND,82,48,1786,3.6,7.9,0.449,0,0.3,0.133,3.5,7.6,0.462,2.2,3.7,0.61,4.2,7.1,11.2,1.4,1.4,0.8,1.6,4.7,9.4,2.11
138,Antonis Fotsis\fotsian01,PF,20,MEM,28,1,320,4.7,11.7,0.404,0.8,2.6,0.304,3.9,9.1,0.432,1.9,2.3,0.85,2.8,4.2,7,1.1,1,1.2,2.4,2.5,12.2,2.08
139,Tremaine Fowlkes\fowlktr01,SF,25,LAC,22,17,343,2.6,6.7,0.391,0,0,,2.6,6.7,0.391,2.5,3.3,0.774,3.4,3.4,6.7,1.8,1.2,0.1,1.4,4.1,7.8,2.03
140,Rick Fox\foxri01,SF,32,LAL,82,82,2289,4,9.5,0.421,1,3.3,0.313,3,6.2,0.479,1.1,1.3,0.824,1.4,4.7,6.1,4.5,1.1,0.3,2.1,3.8,10.1,2.01
141,Adonal Foyle\foylead01,C,26,GSW,79,36,1485,4.1,9.3,0.444,0,0,,4.1,9.3,0.444,0.9,2.3,0.398,3.6,5.7,9.3,1,0.9,4.1,1.8,4.3,9.2,2.08
142,Steve Francis\francst01,PG,24,HOU,57,56,2343,6.5,15.5,0.417,1,3.2,0.324,5.4,12.2,0.442,5,6.5,0.773,1.6,4.6,6.2,5.6,1.1,0.4,3.4,2.6,19,1.9
143,Lawrence Funderburke\fundela01,PF,31,SAC,56,1,722,5.7,12.2,0.469,0,0.1,0,5.7,12.1,0.475,1.7,2.8,0.607,3.8,6.1,9.9,1.6,0.5,0.9,1.6,3.2,13.2,2.06
144,Kevin Garnett*\garneke01,PF,25,MIN,81,81,3175,7.5,15.9,0.47,0.4,1.3,0.319,7.1,14.6,0.484,4.1,5.1,0.801,2.8,8.4,11.1,4.8,1.1,1.4,2.6,2.1,19.4,2.11
145,Dean Garrett\garrede01,C,35,TOT,34,0,183,3.5,10.8,0.327,0,0,,3.5,10.8,0.327,0,0.6,0,3.1,8.1,11.2,1,1.4,2,2,6.3,7.1,2.08
146,Pat Garrity\garripa01,PF,25,ORL,80,43,2406,4.9,11.5,0.426,2.5,5.9,0.427,2.4,5.6,0.426,0.9,1.1,0.836,1.2,3.9,5.1,1.5,0.9,0.4,1,3.4,13.2,2.06
147,Pau Gasol\gasolpa01,PF,21,MEM,82,79,3007,6.6,12.7,0.518,0,0.1,0.2,6.6,12.7,0.519,4,5.7,0.709,2.8,5.9,8.7,2.7,0.5,2,2.7,2.3,17.3,2.13
148,Chris Gatling\gatlich01,PF,34,MIA,54,1,809,5.8,13,0.447,0,0.4,0.125,5.8,12.7,0.456,3.6,5.2,0.701,3.2,6,9.2,1.1,0.8,0.5,2.6,4.9,15.4,2.08
149,Matt Geiger\geigema01,C,32,PHI,4,0,36,1,8,0.125,0,0,,1,8,0.125,1,2,0.5,3,3,6,0,0,2,2,2,3,2.13
150,Devean George\georgde01,SF,24,LAL,82,1,1759,4.4,10.7,0.411,1.4,3.6,0.371,3,7.1,0.432,1.7,2.6,0.675,1.6,4.6,6.2,2.3,1.5,0.9,1.4,3.9,11.9,2.03
151,Eddie Gill\gilled01,PG,23,MEM,23,5,384,3.7,8.6,0.424,0.7,2.1,0.318,3,6.6,0.457,2.9,3.7,0.795,0.7,2,2.6,4.6,1,0.3,3.2,3.6,10.9,1.83
152,Kendall Gill\gillke01,SG,33,MIA,65,49,1410,4.1,10.8,0.384,0.2,1.1,0.136,4,9.7,0.413,1.1,1.6,0.677,0.7,4,4.7,2.6,1.1,0.2,1.4,3.6,9.5,1.96
153,Dion Glover\glovedi01,SG,23,ATL,55,25,1156,6,14.2,0.421,0.9,2.8,0.33,5,11.4,0.444,2.4,3.2,0.757,1.1,4.1,5.3,2.6,1.4,0.4,2.4,2.8,15.3,1.96
154,Steve Goodrich\goodrst01,SF,25,NJN,9,0,50,1.4,7.2,0.2,0,0,,1.4,7.2,0.2,0.7,1.4,0.5,0.7,2.9,3.6,3.6,0.7,1.4,2.2,7.2,3.6,2.08
155,Brian Grant\grantbr01,PF,29,MIA,72,72,2256,4.6,9.7,0.469,0,0,0,4.6,9.7,0.47,1.6,1.9,0.849,2.7,6.5,9.2,2.2,0.8,0.5,1.9,3.8,10.7,2.06
156,Horace Grant\grantho01,C,36,ORL,76,76,2210,4.3,8.4,0.513,0,0,,4.3,8.4,0.513,1.3,1.8,0.721,2.6,5.2,7.8,1.7,0.9,0.8,0.8,1.9,9.9,2.08
157,Adrian Griffin\griffad01,SG,27,DAL,58,34,1383,4.7,9.3,0.499,0.4,1.4,0.296,4.2,7.9,0.534,1.1,1.3,0.837,1.8,4.2,6,2.8,2,0.3,1.1,3.7,10.8,1.96
158,Eddie Griffin\griffed01,PF,19,HOU,73,24,1896,4.6,12.6,0.366,1.7,5.2,0.33,2.9,7.5,0.392,1.2,1.6,0.744,2.2,5.7,7.9,1,0.3,2.5,0.9,2.2,12.2,2.08
159,Tom Gugliotta\guglito01,PF,32,PHO,44,40,1129,4,9.6,0.422,0.1,0.3,0.333,4,9.3,0.425,0.9,1.2,0.757,1.9,5.2,7,2.5,1.2,1,1.9,3.7,9.1,2.08
160,A.J. Guyton\guytoaj01,PG,23,CHI,45,6,607,5.2,14.5,0.361,2.7,7.3,0.374,2.5,7.2,0.347,1.3,1.6,0.815,0.7,1.9,2.6,4.8,0.6,0.4,2.2,1.4,14.5,1.85
161,Darvin Ham\hamda01,SF,28,MIL,70,2,1208,3.6,6.3,0.569,0,0.2,0.143,3.5,6.1,0.583,1.8,3.7,0.504,2.7,3.3,6,2.2,0.7,1.1,2.5,5.2,9,2.01
162,Richard Hamilton\hamilri01,SG,23,WAS,63,57,2203,7.7,17.7,0.435,0.3,0.7,0.381,7.5,17,0.438,4.9,5.5,0.89,1.2,2.3,3.5,2.8,0.6,0.2,2.2,2.2,20.6,1.98
163,Tang Hamilton\hamilta01,SF,23,MIA,9,2,98,3.7,7,0.526,0,0.4,0,3.7,6.6,0.556,0,0.4,0,2.2,4.4,6.6,1.8,1.5,0,0.7,3.7,7.3,2.03
164,Zendon Hamilton\hamilze01,PF,26,DEN,54,15,848,4.4,10.4,0.42,0,0,,4.4,10.4,0.42,5,7.7,0.652,4.7,6.1,10.7,0.6,0.9,0.8,2.5,4.4,13.8,2.11
165,Anfernee Hardaway\hardaan01,SG,30,PHO,80,55,2462,5.7,13.6,0.418,0.3,1.2,0.277,5.4,12.4,0.432,2.3,2.9,0.81,1.4,3.7,5.1,4.7,1.8,0.5,2.8,2.7,14,2.01
166,Tim Hardaway*\hardati01,PG,35,TOT,68,16,1601,5.1,13.9,0.365,2.8,8,0.347,2.3,6,0.387,1.7,2.2,0.794,0.3,2.5,2.8,6.3,1.3,0.2,2.5,2.5,14.7,1.83
167,Matt Harpring\harprma01,SF,25,PHI,81,81,2541,5.5,11.9,0.461,0.3,1,0.304,5.2,10.9,0.475,2.3,3.1,0.743,2.9,5.2,8.1,1.5,1,0.1,1.8,2.8,13.6,2.01
168,Al Harrington\harrial01,PF,21,IND,44,1,1313,6.3,13.3,0.475,0,0.1,0.333,6.3,13.2,0.476,3.2,3.9,0.799,2.6,4.9,7.6,1.5,1.1,0.6,2.1,4.6,15.8,2.06
169,Othella Harrington\harriot01,PF,28,NYK,77,4,1563,5.5,10.4,0.527,0,0,0,5.5,10.3,0.529,2.8,4,0.709,2.9,5.2,8,0.9,0.7,0.8,2.2,5.8,13.7,2.06
170,Lucious Harris\harrilu01,SG,31,NJN,74,0,1553,5.8,12.4,0.464,1,2.7,0.373,4.8,9.7,0.489,3.1,3.7,0.842,1.1,3.7,4.8,2.7,1.2,0.1,1.4,2.3,15.6,1.96
171,Jason Hart\hartja01,PG,23,SAS,10,0,92,3.9,7.4,0.526,0,0.8,0,3.9,6.7,0.588,2.3,2.3,1,1.6,3.5,5.1,4.7,2.7,0.4,3.1,6.3,10.2,1.9
172,Antonio Harvey\harvean01,PF,31,SEA,5,3,47,3.1,9.2,0.333,0,0,,3.1,9.2,0.333,0.8,1.5,0.5,3.8,3.1,6.9,3.8,0.8,2.3,2.3,6.1,6.9,2.11
173,Donnell Harvey\harvedo01,PF,21,TOT,47,4,841,4.6,9.3,0.498,0,0,,4.6,9.3,0.498,2.3,3.9,0.6,3.4,6.3,9.7,1.6,0.9,1,1.4,4.9,11.6,2.03
174,Trenton Hassell\hassetr01,SG,22,CHI,78,47,2237,4.3,10.1,0.425,1,2.7,0.364,3.3,7.5,0.447,1.4,1.8,0.763,1,3.1,4.1,2.8,0.9,0.7,1.6,3,11,1.96
175,Kirk Haston\hastoki01,PF,22,CHH,15,0,77,5.1,18.2,0.282,0,1.4,0,5.1,16.8,0.306,1.9,3.7,0.5,2.3,7,9.4,2.3,0,0.5,1.4,4.2,12.2,2.06
176,Brendan Haywood\haywobr01,C,22,WAS,62,2,1266,3.1,6.3,0.493,0,0,,3.1,6.3,0.493,2.8,4.5,0.606,4.1,5.1,9.2,0.8,0.6,2.6,1.4,4.5,9,2.13
177,Alan Henderson\hendeal01,PF,29,ATL,26,1,422,5,9.9,0.509,0.1,0.1,1,4.9,9.8,0.504,2,3.8,0.533,2.6,5.6,8.3,0.9,0.9,1.3,1.8,3.4,12.2,2.06
178,Cedric Henderson\hendece02,SF,26,GSW,12,0,70,7.7,15.9,0.484,1,2.1,0.5,6.7,13.9,0.481,2.1,3.6,0.571,0.5,1,1.5,2.1,3.1,1,4.1,2.1,18.5,2.01
179,Grant Hill*\hillgr01,SF,29,ORL,14,14,512,5.8,13.7,0.426,0,0.1,0,5.8,13.6,0.43,4.9,5.6,0.863,2,6.8,8.8,4.5,0.6,0.3,2.6,2.8,16.5,2.03
180,Tyrone Hill\hillty01,PF,33,CLE,26,26,810,3.2,8.1,0.39,0,0,0,3.2,8,0.392,3,4.6,0.65,3.5,8.7,12.2,1,0.8,0.6,2.1,4.5,9.3,2.06
181,Fred Hoiberg\hoibefr01,SG,29,CHI,79,8,1408,3.1,7.4,0.416,0.6,2.4,0.261,2.5,5.1,0.487,2,2.4,0.84,0.5,4.9,5.4,3.5,1.6,0.1,0.8,2.2,8.8,1.93
182,Robert Horry\horryro01,PF,31,LAL,81,23,2140,3.1,7.7,0.398,1.3,3.4,0.374,1.8,4.3,0.416,1.8,2.3,0.783,2.2,5.9,8.1,3.9,1.3,1.5,1.5,3.5,9.3,2.08
183,Eddie House\houseed01,PG,23,MIA,64,3,1230,6.1,15.3,0.399,1.6,4.6,0.344,4.5,10.7,0.422,1.2,1.4,0.857,0.5,2.7,3.2,3.6,1.3,0.1,2.3,2.9,15,1.85
184,Allan Houston\houstal01,SG,30,NYK,77,77,2914,7,16.1,0.437,1.7,4.3,0.393,5.3,11.8,0.452,3.6,4.2,0.87,0.5,2.7,3.1,2.3,0.7,0.1,2.1,2.2,19.4,1.98
185,Juwan Howard\howarju01,PF,28,TOT,81,72,2635,6.3,13.7,0.46,0,0,0,6.3,13.7,0.461,3.6,4.7,0.761,3,5.3,8.4,2.3,0.6,0.6,2.1,3.6,16.2,2.06
186,Troy Hudson\hudsotr01,PG,25,ORL,81,4,1854,6.9,15.8,0.434,1.3,3.6,0.353,5.6,12.2,0.459,3.4,3.9,0.876,0.6,2.2,2.8,5,1.1,0.1,3.2,2.3,18.4,1.85
187,Larry Hughes\hughela01,SG,23,GSW,73,56,2049,6,14.2,0.423,0.3,1.6,0.194,5.7,12.6,0.453,3.4,4.6,0.737,1.5,2.8,4.3,5.6,2,0.4,3,2.6,15.7,1.96
188,Lindsey Hunter\hunteli01,PG,31,LAL,82,47,1616,4.2,10.9,0.382,1.8,4.6,0.38,2.4,6.3,0.383,0.4,0.9,0.5,0.4,2.3,2.7,2.9,1.5,0.4,1.2,2.7,10.5,1.88
189,Steven Hunter\huntest01,C,20,ORL,53,21,516,4.7,10.3,0.456,0,0,,4.7,10.3,0.456,3.8,6.6,0.585,2.8,4,6.8,0.3,0.3,3,1.1,5.7,13.2,2.13
190,Zydrunas Ilgauskas\ilgauzy01,C,26,CLE,62,23,1329,6.5,15.4,0.425,0,0.1,0,6.5,15.2,0.429,5.6,7.5,0.754,3.7,5.4,9,1.9,0.5,2.3,2.5,5.1,18.7,2.21
191,Allen Iverson*\iversal01,SG,26,PHI,60,59,2622,9.1,22.9,0.398,1.1,3.7,0.291,8.1,19.2,0.419,6.5,8,0.812,0.6,3.1,3.7,4.5,2.3,0.2,3.3,1.4,25.9,1.83
192,Bobby Jackson\jacksbo01,PG,28,SAC,81,3,1750,6.9,15.5,0.443,1.6,4.5,0.361,5.2,11,0.477,3.1,3.8,0.81,1.7,3.5,5.2,3.4,1.5,0.2,1.9,3,18.4,1.85
193,Jaren Jackson\jacksja01,SG,34,ORL,9,0,144,3.7,9.2,0.405,1.7,5,0.35,2,4.2,0.471,0.5,1,0.5,0.2,4,4.2,2,1.2,0,2,3.2,9.7,1.93
194,Jermaine Jackson\jacksje01,SG,25,TOR,24,0,280,2.6,5.4,0.476,0.1,0.3,0.5,2.4,5.1,0.475,2.1,3.1,0.667,0.4,3.1,3.5,7.3,1.2,0.1,1.8,3.1,7.3,1.93
195,Jim Jackson\jacksji01,SF,31,MIA,55,19,1825,4.7,10.6,0.442,0.7,1.6,0.469,3.9,9,0.438,1.5,1.7,0.862,1.1,4.7,5.7,2.8,0.8,0.3,2.1,2.9,11.6,1.98
196,Marc Jackson\jacksma02,C,27,TOT,39,0,495,4.4,11.9,0.366,0,0.1,0,4.4,11.9,0.368,4.8,5.8,0.825,3.5,5.8,9.3,1,0.8,0.4,2.2,5,13.5,2.08
197,Mark Jackson\jacksma01,PG,36,NYK,82,82,2367,4,9,0.439,1.2,3,0.405,2.8,6,0.456,1.3,1.7,0.791,0.9,3.8,4.7,9.2,1.1,0,2.3,2.5,10.4,1.85
198,Stephen Jackson\jacksst02,SF,23,SAS,23,1,227,5.4,14.4,0.374,1.4,5.7,0.25,4,8.7,0.455,1.9,2.7,0.706,0.5,3.6,4.1,1.7,2.4,0.5,3.6,4.6,14.1,2.03
199,Jerome James\jamesje01,C,26,SEA,56,40,949,5.1,10.4,0.491,0,0,,5.1,10.4,0.491,1.1,2.3,0.5,3.4,5.4,8.8,0.9,0.9,3.3,2.8,6.6,11.3,2.13
200,Mike James\jamesmi01,PG,26,MIA,15,0,119,4.5,13,0.349,2.4,6.4,0.381,2.1,6.7,0.318,1.2,2.1,0.571,0.6,3.6,4.2,5.7,1.8,0.3,3.9,5.1,12.7,1.88
201,Tim James\jamesti01,SF,25,PHI,9,0,41,4.4,11.4,0.385,0,0,,4.4,11.4,0.385,1.8,5.3,0.333,4.4,1.8,6.1,0.9,0,0.9,2.6,4.4,10.5,2.01
202,Antawn Jamison\jamisan01,SF,25,GSW,82,82,3033,7.3,16.3,0.447,0.8,2.5,0.324,6.5,13.8,0.469,3.8,5.2,0.734,2.5,4.1,6.6,1.9,0.8,0.5,1.9,2.2,19.2,2.03
203,Harold Jamison\jamisha01,PF,25,LAC,25,2,176,4.5,8.8,0.512,0,0,,4.5,8.8,0.512,2,3.1,0.667,4.9,3.1,8,1.2,1,0.2,1.2,4.7,11,2.03
204,Richard Jefferson\jefferi01,SF,21,NJN,79,9,1917,5.1,11.1,0.457,0.2,1.1,0.232,4.8,10,0.48,3.5,5,0.713,1.6,3.9,5.5,2.6,1.2,0.9,2,4,13.9,2.01
205,Anthony Johnson\johnsan02,SG,27,NJN,34,0,366,3.6,8.9,0.411,0.4,1.2,0.333,3.2,7.7,0.423,1.6,2.5,0.64,1,1.9,2.9,4.7,3,0.1,2,3,9.2,1.9
206,Avery Johnson\johnsav01,PG,36,TOT,68,13,1352,5.5,11.5,0.479,0,0.1,0,5.5,11.4,0.485,3.2,4.3,0.742,0.4,1.5,1.8,7.6,1.1,0.2,2,2.3,14.2,1.78
207,DerMarr Johnson\johnsde03,SF,21,ATL,72,46,1727,4.5,11.3,0.396,1.9,5.1,0.36,2.6,6.1,0.427,1.8,2.2,0.81,1.2,3.9,5.1,1.7,1.3,1.2,2.1,3.4,12.5,2.06
208,Ervin Johnson\johnser02,C,34,MIL,81,9,1660,1.9,4.2,0.461,0,0,0,1.9,4.2,0.464,0.7,1.4,0.455,3.1,7,10.1,0.6,0.8,1.8,1.1,4.7,4.5,2.11
209,Joe Johnson\johnsjo02,SG,20,TOT,77,60,1916,4.7,11,0.43,0.7,2.4,0.292,4,8.5,0.469,0.8,1,0.774,1.4,3.4,4.8,3.4,1.1,0.4,1.3,2.1,10.9,2.01
210,Alvin Jones\jonesal01,C,23,PHI,23,2,126,2.3,5.7,0.4,0,0,,2.3,5.7,0.4,2.9,5.7,0.5,3.7,6.6,10.3,0.9,0.9,2.6,3.1,10,7.4,2.11
211,Damon Jones\jonesda01,PG,25,DET,67,0,1083,3.8,9.4,0.401,2.3,6.2,0.371,1.5,3.3,0.459,1.4,2,0.729,0.4,3,3.4,4.7,0.8,0,2,2.8,11.3,1.9
212,Eddie Jones\jonesed02,SG,30,MIA,81,81,3156,5.9,13.7,0.432,1.7,4.4,0.39,4.2,9.3,0.451,3.4,4,0.837,0.7,3.6,4.3,3,1.3,0.9,1.7,2.9,16.9,1.98
213,Jumaine Jones\jonesju01,PF,22,CLE,81,36,2142,4.8,10.8,0.448,0.9,2.8,0.31,3.9,7.9,0.498,0.8,1.1,0.662,2.1,6.1,8.2,1.9,1.3,0.8,1.3,3.1,11.3,2.03
214,Popeye Jones\jonespo01,PF,31,WAS,79,40,1920,4.2,9.5,0.437,0.1,0.2,0.364,4.1,9.3,0.439,2,2.4,0.815,4.4,6.5,10.8,2.4,0.9,0.4,1.6,3.9,10.4,2.03
215,Michael Jordan*\jordami01,SF,38,WAS,60,53,2093,9.5,22.8,0.416,0.2,0.9,0.189,9.3,21.9,0.426,4.5,5.7,0.79,0.9,5,5.8,5.3,1.5,0.4,2.8,2,23.7,1.98
216,Shawn Kemp\kempsh01,PF,32,POR,75,5,1232,5.1,11.9,0.43,0,0.1,0,5.1,11.8,0.434,3,3.8,0.794,2.6,5.8,8.4,1.5,1.3,1,2.4,5.4,13.3,2.08
217,Steve Kerr\kerrst01,PG,36,POR,65,0,775,4.7,10.1,0.47,1.2,3.1,0.394,3.5,7,0.503,1.8,1.9,0.975,0.3,2.5,2.8,2.9,0.6,0,1.1,2.3,12.5,1.9
218,Jason Kidd*\kiddja01,PG,28,NJN,82,82,3056,5.2,13.4,0.391,1.4,4.3,0.321,3.9,9.1,0.424,2.4,2.9,0.814,1.5,5.5,7,9.5,2.1,0.2,3.4,1.6,14.2,1.93
219,Andrei Kirilenko\kirilan01,SF,20,UTA,82,40,2151,4.8,10.6,0.45,0.4,1.7,0.25,4.4,8.9,0.488,4.8,6.2,0.768,2.5,4.2,6.7,1.6,1.9,2.7,1.8,2.6,14.7,2.06
220,Kerry Kittles\kittlke01,SG,27,NJN,82,82,2601,6.1,13,0.466,1.4,3.3,0.405,4.7,9.7,0.487,1.8,2.4,0.744,0.9,2.9,3.8,3,1.8,0.4,1.5,1.5,15.3,1.96
221,Brevin Knight\knighbr01,PG,26,MEM,53,11,1151,4.4,10.4,0.422,0.1,0.3,0.25,4.3,10.2,0.426,2.7,3.6,0.757,0.3,3.1,3.4,9.4,2.5,0.2,3.5,4.2,11.6,1.78
222,Travis Knight\knightr01,C,27,NYK,49,0,429,3.4,9.5,0.363,0,0,,3.4,9.5,0.363,1.3,1.8,0.762,4,4.7,8.7,0.7,0.9,0.8,2.3,8,8.2,2.13
223,Toni Kukoč*\kukocto01,SF,33,ATL,59,9,1494,5.1,12.1,0.419,1.3,4.1,0.31,3.8,8,0.474,2.6,3.7,0.712,1,4.2,5.3,5.1,1.2,0.4,2.7,2.2,14.1,2.08
224,Christian Laettner\laettch01,PF,32,WAS,57,48,1441,4.2,9,0.464,0,0.2,0.2,4.1,8.8,0.472,1.6,1.9,0.868,1.8,5.7,7.5,3.8,1.5,0.6,2.1,3.2,10.1,2.11
225,Raef LaFrentz\lafrera01,C,25,TOT,78,76,2455,6.2,13.5,0.458,1.5,3.9,0.388,4.6,9.6,0.486,1.5,2.2,0.695,2.6,5.9,8.5,1.3,0.8,3.1,1.4,4.1,15.4,2.11
226,Trajan Langdon\langdtr01,SG,25,CLE,44,0,477,5.3,13.3,0.398,2,5.6,0.365,3.2,7.7,0.422,3.2,3.5,0.913,1,3.2,4.2,4.5,1,0.4,3,3.7,15.8,1.9
227,Dan Langhi\langhda01,SF,24,HOU,34,8,434,4.1,10.4,0.392,0.1,0.3,0.25,4,10,0.397,0.7,0.9,0.727,1.8,3.7,5.6,1.2,0.7,0.4,0.7,2.1,8.9,2.11
228,Rusty LaRue\larueru01,PG,28,UTA,33,0,542,4.8,12.3,0.395,1.1,3.3,0.34,3.7,9,0.415,2,2.3,0.857,0.7,2.5,3.3,4.7,1.1,0.5,2.9,3.9,12.8,1.88
229,Voshon Lenard\lenarvo01,SG,28,DEN,71,19,1665,6.8,16.6,0.41,1.9,5.2,0.371,4.9,11.4,0.427,2,2.6,0.783,0.8,3.1,4,2.8,1.3,0.5,2,2.3,17.6,1.93
230,Quincy Lewis\lewisqu01,SG,24,UTA,36,19,490,4.7,10.5,0.448,0.2,1.3,0.167,4.5,9.2,0.488,1,1.5,0.65,0.7,2.4,3.2,2.6,1.7,0.7,2.4,6.5,10.6,2.01
231,Rashard Lewis\lewisra02,SF,22,SEA,71,70,2585,6.3,13.5,0.468,1.7,4.4,0.389,4.6,9.1,0.506,2.3,2.8,0.81,1.9,5,6.9,1.7,1.4,0.6,1.4,2.4,16.6,2.08
232,Randy Livingston\livinra01,PG,26,SEA,13,0,176,3.1,11,0.278,0.2,1.6,0.125,2.9,9.4,0.304,2,2.3,0.909,1.8,3.3,5.1,5.3,1.8,0.4,0.4,2.3,8.4,1.93
233,Art Long\longar01,PF,29,SEA,63,27,989,4.4,8.9,0.492,0,0,,4.4,8.9,0.492,1.6,3.1,0.529,3.9,5.2,9.1,1.5,0.8,1,2.3,6.6,10.4,2.06
234,Grant Long\longgr01,PF,35,MEM,66,56,1868,3.2,7.4,0.426,0.1,0.3,0.176,3.1,7.1,0.438,1.7,2.4,0.699,0.6,3.9,4.5,2.6,1.2,0.2,2,2.4,8,2.03
235,Felipe López\lopezfe01,SG,27,MIN,67,0,581,3.7,9.7,0.378,0.9,2,0.424,2.8,7.6,0.366,2.3,3.4,0.673,1.8,3.2,5,2.4,1.1,0.1,2.2,4.5,10.5,1.96
236,Tyronn Lue\luety01,PG,24,WAS,71,0,1458,5.5,12.8,0.427,1.6,3.5,0.447,3.9,9.4,0.42,1.2,1.6,0.762,0.3,2.7,3,6.1,1.2,0,2.4,3,13.7,1.83
237,George Lynch\lynchge01,SF,31,CHH,45,18,893,2.9,8,0.369,0,0.2,0.167,2.9,7.7,0.375,1,1.6,0.625,2.8,4.7,7.5,2.2,1.6,0.6,1.7,3,6.9,2.03
238,Todd MacCulloch\maccuto01,C,26,NJN,62,61,1502,5.9,11.1,0.531,0,0,,5.9,11.1,0.531,2.6,3.9,0.671,3.8,5.3,9.1,1.9,0.6,2.1,1.6,4.3,14.5,2.13
239,Sam Mack\macksa01,SF,31,MIA,12,1,159,3.2,11.1,0.286,1.6,6.3,0.25,1.6,4.8,0.333,1.1,1.6,0.714,0.5,2.7,3.2,0.9,1.1,0.2,1.6,3.8,9.1,2.01
240,Mark Madsen\madsema01,PF,26,LAL,59,5,650,3.7,8.1,0.452,0,0.1,0,3.7,8,0.458,1.9,3,0.648,4.9,4,9,2.4,0.9,0.7,1.2,5.8,9.2,2.06
241,Corey Maggette\maggeco01,SG,22,LAC,63,52,1615,5.2,11.8,0.443,1,3.1,0.331,4.2,8.7,0.483,4.5,5.6,0.801,1.2,3.9,5.1,2.5,0.9,0.4,2.6,3.5,16,1.98
242,Jamaal Magloire\magloja01,C,23,CHH,82,8,1549,5.3,9.6,0.551,0,0,0,5.3,9.6,0.552,5.6,7.7,0.73,3.6,7.2,10.7,0.7,0.6,2,2.7,4.7,16.2,2.11
243,Dan Majerle\majerda01,SG,36,PHO,65,1,1180,3,8.8,0.343,2.4,7.2,0.336,0.6,1.6,0.37,0.7,1.2,0.59,0.9,4.5,5.4,2.7,1.5,0.5,1.1,3.2,9.2,1.98
244,Karl Malone*\malonka01,PF,38,UTA,80,80,3040,7.5,16.6,0.454,0.1,0.3,0.36,7.4,16.3,0.456,6,7.6,0.797,1.7,6.4,8.1,4,1.8,0.7,3.1,2.7,21.2,2.06
245,Danny Manning\mannida01,PF,35,DAL,41,10,552,4.6,9.7,0.477,0.1,0.5,0.143,4.6,9.3,0.493,1.4,2.2,0.667,1.6,5.4,7,2,1.4,1.4,1.6,5.2,10.8,2.08
246,Stephon Marbury\marbust01,PG,24,PHO,82,80,3187,7.1,16,0.442,0.8,2.8,0.286,6.3,13.2,0.476,4,5.1,0.781,0.8,2.2,3,7.5,0.9,0.1,3.2,2.1,18.9,1.88
247,Shawn Marion\mariosh01,SF,23,PHO,81,81,3109,7.6,16.2,0.469,0.6,1.4,0.393,7,14.7,0.476,2.2,2.6,0.845,2.4,6.9,9.3,1.9,1.7,1,1.7,2.5,17.9,2.01
248,Sean Marks\marksse01,C,26,MIA,21,6,319,4.3,9.9,0.432,0,0,,4.3,9.9,0.432,2.3,3.8,0.588,2.1,6.3,8.5,0.9,0.6,1.1,2.1,4.5,10.8,2.08
249,Donny Marshall\marshdo02,SF,29,NJN,20,0,118,2.4,8.8,0.276,0.6,1.2,0.5,1.8,7.6,0.24,3.7,5.5,0.667,2.4,4,6.4,1.5,0.9,0,0.6,4.3,9.2,2.01
250,Donyell Marshall\marshdo01,SF,28,UTA,58,42,1750,7.1,13.6,0.519,0.3,0.9,0.31,6.8,12.7,0.533,3.3,4.6,0.708,3.3,5.9,9.1,2.1,1,1.4,2.6,3.1,17.7,2.06
251,Darrick Martin\martida01,PG,30,DAL,3,0,22,0,16.4,0,0,3.3,0,0,13.1,0,1.6,3.3,0.5,0,1.6,1.6,4.9,3.3,0,1.6,6.5,1.6,1.8
252,Kenyon Martin\martike01,PF,24,NJN,73,73,2504,6.4,13.8,0.463,0.2,1,0.224,6.2,12.9,0.48,2.6,3.8,0.678,1.6,4,5.6,2.8,1.3,1.7,2.5,3.8,15.6,2.06
253,Jamal Mashburn\mashbja01,SF,29,CHH,40,40,1601,6.8,16.7,0.407,0.9,2.5,0.366,5.9,14.2,0.415,4.7,5.4,0.876,0.7,4.7,5.4,3.8,1,0.1,2.5,1.8,19.3,2.03
254,Anthony Mason\masonan01,PF,35,MIL,82,82,3143,3.6,7.2,0.505,0,0,1,3.6,7.2,0.504,1.8,2.5,0.697,1.4,6,7.4,4,0.7,0.3,1.5,2.1,9,2.01
255,Desmond Mason\masonde01,SF,24,SEA,75,20,2420,5.3,11.4,0.464,0.2,0.9,0.271,5.1,10.6,0.48,3,3.5,0.848,1.4,3.9,5.2,1.5,1,0.4,1.5,2.5,13.8,2.01
256,Tony Massenburg\masseto01,PF,34,MEM,73,31,1247,4.6,10.1,0.456,0,0,1,4.6,10,0.454,2.4,3.4,0.718,2.9,6.5,9.4,0.8,0.9,0.9,1.9,5,11.6,2.06
257,Walter McCarty\mccarwa01,PF,27,BOS,56,0,718,4,9,0.444,2,5,0.394,2.1,4.1,0.506,0.7,1,0.684,1.6,4.8,6.4,2.1,0.9,0.4,1.1,4.2,10.6,2.08
258,Amal McCaskill\mccasam01,C,28,SAS,27,0,153,4.7,11.5,0.408,0,0,,4.7,11.5,0.408,2.8,6.1,0.462,3.8,4.7,8.5,0.9,1.4,2.4,3.3,5.4,12.2,2.11
259,George McCloud\mccloge01,SF,34,DEN,69,26,1830,4.1,11.3,0.358,1.2,4.4,0.27,2.9,7,0.412,2.6,3.2,0.81,1.3,3.6,4.9,4,1.1,0.4,2.8,3.4,11.9,1.98
260,Jelani McCoy\mccoyje01,C,24,LAL,21,0,104,4.2,7.3,0.571,0,0,,4.2,7.3,0.571,0.7,2.8,0.25,2.8,5.9,8.7,2.4,0,1.7,2.8,4.8,9,2.08
261,Antonio McDyess\mcdyean01,PF,27,DEN,10,10,236,6.6,11.4,0.573,0,0,,6.6,11.4,0.573,4.1,5,0.818,2.7,5.6,8.4,2.7,1.5,1.2,3.1,3.1,17.2,2.06
262,Tracy McGrady*\mcgratr01,SG,22,ORL,76,76,2912,8.8,19.6,0.451,1.3,3.5,0.364,7.6,16.1,0.47,5.1,6.9,0.748,1.9,5.5,7.4,4.9,1.5,0.9,2.3,1.7,24.1,2.03
263,Jeff McInnis\mcinnje01,PG,27,LAC,81,80,3030,5.5,13.3,0.413,0.9,2.8,0.321,4.6,10.5,0.437,2.2,2.6,0.836,0.5,2,2.5,5.9,0.7,0.1,1.7,2.4,14.1,1.93
264,Derrick McKey\mckeyde01,SF,35,PHI,41,1,784,2.4,5.6,0.426,0.2,0.6,0.417,2.2,5.1,0.427,0.5,0.6,0.714,2.2,3.6,5.8,2.1,1.9,0.2,1,4.1,5.5,2.06
265,Aaron McKie\mckieaa01,SG,29,PHI,48,16,1471,5.4,12,0.449,1.2,3.1,0.398,4.1,8.9,0.467,2.3,3,0.787,0.6,4.1,4.7,4.4,1.4,0.3,2.3,1.8,14.4,1.96
266,Stanislav Medvedenko\medvest01,C,22,LAL,71,6,729,7.2,15,0.477,0,0.2,0,7.2,14.8,0.483,2,3.1,0.661,4.2,3.6,7.8,2.1,1.4,0.5,2.1,5.9,16.3,2.08
267,Ron Mercer\mercero01,SG,25,TOT,53,41,1716,6.5,16.4,0.397,0.4,1.3,0.29,6.1,15.1,0.406,2,2.5,0.798,1,2.7,3.7,2.7,0.7,0.3,1.8,2.3,15.4,2.01
268,Chris Mihm\mihmch01,C,22,CLE,74,60,1659,4.8,11.4,0.42,0.1,0.2,0.429,4.7,11.3,0.42,2.7,3.9,0.693,2.9,5.6,8.5,0.5,0.4,1.9,2.1,5.6,12.3,2.13
269,Darius Miles\milesda01,SF,20,LAC,82,6,2227,5,10.4,0.481,0,0.3,0.158,4.9,10.1,0.491,2.6,4.1,0.62,1.8,5.6,7.3,3,1.1,1.7,2.6,3,12.6,2.06
270,Andre Miller\millean02,PG,25,CLE,81,81,3023,5.6,12.4,0.454,0.3,1,0.253,5.4,11.4,0.472,4.3,5.3,0.817,1.3,3.2,4.5,10.5,1.5,0.4,2.9,2.7,15.9,1.9
271,Brad Miller\millebr01,C,25,TOT,76,75,2263,5.8,11.7,0.499,0,0.1,0.429,5.8,11.5,0.5,4.7,6.1,0.775,4,5.9,9.9,2.4,1.2,0.7,1.8,3.9,16.4,2.11
272,Mike Miller\millemi01,SF,21,ORL,63,53,2123,6,13.6,0.438,2,5.1,0.383,4,8.5,0.471,2.3,3.1,0.762,0.8,3.8,4.6,3.4,0.8,0.4,1.8,2.5,16.2,2.03
273,Reggie Miller*\millere01,SG,36,IND,79,79,2889,5.2,11.4,0.453,2.2,5.5,0.406,2.9,5.9,0.498,3.7,4,0.911,0.3,2.4,2.7,3.2,1.1,0.1,1.5,1.8,16.2,2.01
274,Chris Mills\millsch01,SF,32,GSW,66,0,1237,5.2,12.4,0.417,1.4,3.7,0.378,3.8,8.7,0.433,2.5,3.1,0.794,1.5,4,5.5,2.1,0.9,0.4,1.6,3.5,14.2,1.98
275,Sam Mitchell\mitchsa01,SF,38,MIN,74,10,726,4.9,11.3,0.432,0.5,1.7,0.286,4.4,9.5,0.458,1.9,2.4,0.776,0.9,3.2,4.1,2.2,0.6,0.2,1.3,3.9,12.1,1.98
276,Cuttino Mobley\moblecu01,SG,26,HOU,74,74,3116,6.9,15.7,0.438,1.7,4.4,0.395,5.2,11.3,0.455,3.1,3.6,0.85,0.7,2.7,3.5,2.2,1.3,0.4,2.1,2.2,18.6,1.93
277,Nazr Mohammed\mohamna01,C,24,ATL,82,73,2168,5.5,11.8,0.461,0,0,0,5.5,11.8,0.462,2.3,3.7,0.617,4,6.8,10.8,0.5,1,1,2,4.2,13.2,2.08
278,Jérôme Moïso\moisoje01,C,23,CHH,15,0,76,3.8,9.5,0.4,0,0,,3.8,9.5,0.4,0,0,,1.9,9.9,11.8,1.9,1.4,0.9,3.8,5.7,7.6,2.08
279,Eric Montross\montrer01,C,30,TOR,49,24,655,2.9,7.3,0.402,0,0.1,0,2.9,7.2,0.405,0.5,1.7,0.323,2,5.7,7.7,0.9,0.7,1.3,1.4,5.1,6.4,2.13
280,Mikki Moore\mooremi01,C,26,DET,30,0,217,4.8,10.1,0.475,0.2,0.3,0.5,4.6,9.8,0.475,3.3,4.3,0.769,3.6,5.1,8.8,1.8,1.2,1.5,2.3,5.8,13.1,2.11
281,Terence Morris\morrite01,SF,23,HOU,68,12,1110,3.6,9.4,0.384,0.5,2.5,0.192,3.1,6.8,0.455,0.6,0.9,0.643,2.5,4.3,6.8,2.1,0.7,0.9,1.5,2.3,8.3,2.06
282,Hanno Möttölä\mottoha01,C,25,ATL,82,14,1371,4.4,10.1,0.44,0,0.3,0.077,4.4,9.7,0.453,1.5,2,0.75,2.1,4.9,7,1.3,0.5,0.5,1.8,4.6,10.4,2.11
283,Alonzo Mourning*\mournal01,C,31,MIA,75,74,2455,6.6,12.7,0.516,0,0,0.333,6.5,12.7,0.517,4.1,6.3,0.657,2.7,6.6,9.3,1.3,0.4,2.7,2.7,3.8,17.3,2.08
284,Troy Murphy\murphtr01,PF,21,GSW,82,4,1448,4.4,10.5,0.421,0.1,0.2,0.333,4.4,10.3,0.423,3,3.9,0.776,2.5,5.5,8,1.7,0.9,0.5,2.1,5.4,11.9,2.11
285,Lamond Murray\murrala01,SF,28,CLE,71,68,2312,6.7,15.4,0.436,1.6,3.7,0.424,5.1,11.6,0.44,3.3,4.1,0.817,1.3,4.5,5.8,2.4,1.1,0.7,2.2,2.3,18.3,2.01
286,Tracy Murray\murratr01,SF,30,TOR,40,3,473,6.5,15.8,0.411,3,7.9,0.385,3.4,7.8,0.437,1.3,1.6,0.81,1.4,2.7,4,1.4,0.8,0.6,1.9,2.9,17.3,2.01
287,Dikembe Mutombo*\mutomdi01,C,35,PHI,80,80,2907,4,7.9,0.501,0,0,,4,7.9,0.501,3.4,4.5,0.764,3.1,7.5,10.7,1,0.4,2.4,1.9,3,11.4,2.18
288,Mamadou N'Diaye\ndiayma02,C,26,TOR,5,0,46,4.7,7.8,0.6,0,0,,4.7,7.8,0.6,6.3,7.8,0.8,4.7,3.9,8.6,0,0,1.6,0.8,4.7,15.7,2.13
289,Lee Nailon\nailole01,SF,26,CHH,79,41,1912,6.9,14.4,0.483,0,0,0.5,6.9,14.3,0.483,2.1,2.8,0.747,1.9,3.5,5.5,1.8,1.1,0.3,1.8,3.3,16,2.06
290,Eduardo Nájera\najered01,PF,25,DAL,62,11,1357,4,8,0.5,0,0.1,0,4,7.9,0.503,2.7,3.9,0.676,4,5.1,9.1,1,1.5,0.8,1.1,4.1,10.6,2.03
291,Steve Nash*\nashst01,PG,27,DAL,82,82,2837,6.7,13.8,0.483,2,4.4,0.455,4.7,9.5,0.495,3.3,3.7,0.887,0.6,2.6,3.2,8,0.7,0.1,2.9,2.1,18.6,1.9
292,Tyrone Nesby\nesbyty01,SF,26,WAS,70,9,1498,4.4,10.1,0.435,0.3,1.1,0.277,4.1,9,0.455,1.5,2.2,0.688,2.5,5.1,7.6,2.2,1.5,0.5,1.2,3.9,10.6,1.98
293,Rasho Nesterović\nestera01,C,25,MIN,82,82,2218,5.3,10.7,0.493,0,0,0,5.3,10.6,0.494,0.6,1.2,0.549,3.2,5.4,8.7,1.2,0.7,1.8,1.5,4.3,11.2,2.13
294,Ira Newble\newblir01,SF,27,ATL,42,35,1273,3.7,7.4,0.498,0,0.2,0.143,3.7,7.2,0.508,2.1,2.5,0.852,2.3,4,6.3,1.3,1.1,0.6,1.4,3.3,9.6,2.01
295,Johnny Newman\newmajo01,SF,38,DAL,47,17,724,3.3,7.4,0.453,1.1,2.8,0.386,2.2,4.5,0.495,2.1,2.9,0.724,0.4,2,2.4,0.7,1.4,0.2,1,4.4,9.8,2.01
296,Moochie Norris\norrimo01,PG,28,HOU,82,26,2249,4,10.1,0.398,0.6,2.1,0.269,3.4,8,0.433,2,2.7,0.751,1.2,2.8,3.9,6.5,1.3,0.1,2.5,2.1,10.6,1.85
297,Dirk Nowitzki\nowitdi01,C,23,DAL,76,76,2891,7.5,15.7,0.477,1.7,4.4,0.397,5.7,11.3,0.508,5.5,6.4,0.853,1.5,7.9,9.4,2.3,1,1,1.8,2.8,22.2,2.13
298,Jermaine O'Neal\onealje01,PF,23,IND,72,72,2707,7.2,15.1,0.479,0,0.2,0.071,7.2,14.9,0.484,3.8,5.5,0.688,2.5,7.6,10.1,1.6,0.6,2.2,2.3,3.6,18.2,2.11
299,Shaquille O'Neal*\onealsh01,C,29,LAL,67,66,2422,10.6,18.3,0.579,0,0,0,10.6,18.3,0.58,5.9,10.7,0.555,3.5,7.1,10.6,3,0.6,2,2.5,3,27.1,2.16
300,Charles Oakley\oaklech01,PF,38,CHI,57,36,1383,2.5,6.8,0.369,0,0.2,0.167,2.5,6.7,0.374,0.5,0.7,0.75,1.9,7.1,8.9,3,1.3,0.3,2.3,4.6,5.6,2.03
301,Lamar Odom\odomla01,SF,22,LAC,29,25,999,5.4,13,0.419,0.6,3,0.19,4.9,9.9,0.489,2.2,3.4,0.656,1.1,5.2,6.3,6.2,0.8,1.3,3.5,3.3,13.7,2.08
302,Hakeem Olajuwon*\olajuha01,C,39,TOR,61,37,1378,5.1,10.9,0.464,0,0.1,0,5.1,10.9,0.466,1.2,2.2,0.56,2.6,7,9.6,1.7,1.9,2.4,2.6,3.8,11.4,2.13
303,Dean Oliver\olivede01,PG,23,GSW,20,0,139,4.4,11.9,0.37,0.5,3.4,0.154,3.9,8.5,0.455,1.6,2.3,0.667,0,2.1,2.1,5.4,0.8,0,2.8,4.1,10.9,1.8
304,Kevin Ollie\ollieke01,PG,29,TOT,81,17,1723,2.9,7.4,0.388,0,0,0.5,2.8,7.3,0.387,3.9,4.7,0.824,0.5,3.3,3.8,6.1,1.3,0,2.2,2,9.7,1.93
305,Michael Olowokandi\olowomi01,C,26,LAC,80,79,2568,5.4,12.4,0.433,0,0,,5.4,12.4,0.433,1.6,2.6,0.622,2.3,7.7,10,1.3,0.8,2,2.5,3,12.4,2.13
306,Greg Ostertag\ostergr01,C,28,UTA,74,14,1107,3,6.5,0.453,0,0,,3,6.5,0.453,2,4.2,0.485,4.1,6.1,10.2,1.6,0.5,3.5,1.7,4.9,8,2.18
307,Bo Outlaw\outlabo01,PF,30,TOT,83,36,1928,3.1,5.6,0.555,0,0,0.5,3.1,5.5,0.556,0.8,1.9,0.422,2.7,4.1,6.8,2.4,1.3,1.7,1.8,3.8,7,2.03
308,Doug Overton\overtdo01,PG,32,LAC,18,0,130,3.9,12.2,0.318,1.9,7.5,0.259,1.9,4.7,0.412,1.1,1.9,0.571,0.3,3,3.3,3.6,0.8,0.3,3.3,2.8,10.8,1.9
309,Olumide Oyedeji\oyedeol01,C,20,SEA,36,1,221,3.6,6.7,0.537,0,0,,3.6,6.7,0.537,1.8,2.9,0.611,4.4,8.5,12.9,0.7,0.7,0.3,2.3,5.9,9,2.08
310,Robert Pack\packro01,PG,32,MIN,16,0,252,3.6,9.7,0.368,0.1,0.6,0.25,3.4,9.1,0.375,1.6,2.1,0.733,1,2.3,3.3,7,1.9,0,2.9,4.6,8.9,1.88
311,Scott Padgett\padgesc01,PF,25,UTA,75,1,1295,5.2,11,0.476,1.4,3.1,0.434,3.9,7.8,0.493,2.1,2.8,0.735,3.1,4.8,7.9,2.3,1.2,0.4,1.9,3.9,13.9,2.06
312,Milt Palacio\palacmi01,PG-SG,23,TOT,69,1,790,3.7,9.8,0.383,0.6,1.9,0.317,3.1,7.9,0.399,2.5,3.4,0.73,0.5,2.8,3.3,3.8,1.4,0.2,1.8,2.8,10.5,1.9
313,Tony Parker\parketo01,PG,19,SAS,77,72,2267,4.3,10.1,0.419,1,3,0.323,3.3,7.1,0.46,1.7,2.5,0.675,0.5,2.6,3.1,5.3,1.4,0.1,2.4,2.6,11.2,1.88
314,Cherokee Parks\parksch02,C,29,SAS,42,1,234,4.6,12.8,0.361,0,0,,4.6,12.8,0.361,0.5,1.2,0.375,3.7,5.2,8.9,1.5,1.1,1.2,2.2,5.2,9.7,2.11
315,Ruben Patterson\patteru01,SF,26,POR,75,13,1765,6.5,12.6,0.515,0.2,0.7,0.25,6.3,11.9,0.532,3.9,5.6,0.701,3.2,2.9,6.1,2.2,1.6,0.8,2.3,2.9,17.1,1.96
316,Gary Payton*\paytoga01,PG,33,SEA,82,82,3301,8,17.2,0.467,0.8,2.6,0.314,7.2,14.6,0.494,2.9,3.7,0.797,0.9,3.4,4.3,8,1.4,0.3,2.3,2,19.8,1.93
317,Anthony Peeler\peelean01,SG,32,MIN,82,0,2060,5,12,0.421,1.9,4.9,0.392,3.1,7,0.441,0.9,1,0.862,0.6,3,3.6,3.1,1.1,0.2,1.3,2.4,12.9,1.93
318,Mike Penberthy\penbemi01,PG,27,LAL,3,0,12,3,6,0.5,0,0,,3,6,0.5,9,12,0.75,0,6,6,6,6,0,0,0,15,1.9
319,Elliot Perry\perryel01,PG,32,MEM,2,0,48,3.7,7.5,0.5,0,0,,3.7,7.5,0.5,0.7,1.5,0.5,0,3,3,5.2,2.3,0,5.2,4.5,8.2,1.83
320,Wesley Person\persowe01,SG,30,CLE,78,78,2793,6,12.2,0.495,1.8,4.2,0.444,4.2,8,0.521,1.3,1.6,0.798,0.6,3.1,3.8,2.2,1,0.5,1,1.2,15.2,1.98
321,Morris Peterson\petermo01,SF,24,TOR,63,56,1988,6.1,13.9,0.438,1.5,4.2,0.364,4.6,9.7,0.469,2.3,3.1,0.751,1.6,2.4,4,2.8,1.3,0.2,1.6,3.2,16,2.01
322,Eric Piatkowski\piatker01,SG,31,LAC,71,64,1718,4.3,9.9,0.439,2.3,5,0.466,2,4.9,0.412,2.1,2.4,0.894,0.9,3,3.9,2.3,0.9,0.3,1.3,2.3,13.1,2.01
323,Paul Pierce*\piercpa01,SG,24,BOS,82,82,3302,7.7,17.4,0.442,2.3,5.7,0.404,5.4,11.8,0.461,5.7,7,0.809,0.9,5.3,6.2,2.8,1.7,0.9,2.6,2.6,23.4,2.01
324,Scottie Pippen*\pippesc01,SF,36,POR,62,60,1996,4.4,10.8,0.411,1,3.2,0.305,3.5,7.6,0.455,2,2.6,0.774,1.4,4.4,5.8,6.5,1.8,0.6,3.1,2.9,11.9,2.03
325,Scot Pollard\pollasc01,C,26,SAC,80,29,1881,3.8,6.9,0.55,0,0,,3.8,6.9,0.55,2.2,3.2,0.693,3.6,7.2,10.8,1,1.3,1.5,1.3,3.9,9.7,2.11
326,Mark Pope\popema01,PF,29,MIL,45,12,426,3,7.7,0.396,0.3,2.1,0.16,2.7,5.6,0.485,0.9,1.8,0.524,1.7,4.5,6.2,1.4,0.9,0.9,1.3,4,7.4,2.08
327,Terry Porter\portete01,PG,38,SAS,72,0,1294,3.8,8.9,0.424,1.6,4,0.415,2.1,5,0.43,1.9,2.3,0.819,0.3,4.2,4.6,5.7,1.3,0.4,2.4,2.5,11.1,1.9
328,James Posey\poseyja01,SF,25,DEN,73,63,2238,4.5,11.8,0.376,1.1,3.8,0.283,3.4,8,0.421,2.6,3.3,0.793,1.8,5.1,6.9,2.9,1.8,0.6,2,3.6,12.6,2.03
329,Lavor Postell\postela01,SG,23,NYK,23,0,179,5.6,16.9,0.333,1.2,5.2,0.231,4.4,11.7,0.379,6.2,8.2,0.756,0.4,2.8,3.2,1,1.2,0,2.2,1.4,18.7,1.96
330,Vitaly Potapenko\potapvi01,C,26,BOS,79,9,1343,3.7,8.1,0.455,0,0,,3.7,8.1,0.455,2.4,3.2,0.742,4.5,4.8,9.3,0.8,1,0.5,1.7,4.7,9.7,2.08
331,Brent Price\pricebr01,PG,33,SAC,20,0,89,3.6,10.9,0.333,1.6,6.1,0.267,2,4.9,0.417,3.6,5.3,0.692,1.6,1.6,3.2,3.6,1.2,0.4,4,5.3,12.5,1.85
332,Joel Przybilla\przybjo01,C,22,MIL,71,62,1128,2.4,4.5,0.535,0,0,0,2.4,4.5,0.539,1.2,2.9,0.422,2.5,6.5,9,0.7,0.6,3.8,1.4,6.4,6.1,2.16
333,Vladimir Radmanović\radmavl01,PF,21,SEA,61,16,1230,4.3,10.4,0.412,1.9,4.6,0.42,2.3,5.8,0.406,1.4,2.1,0.681,1.3,5.4,6.7,2.4,1.6,0.7,2.1,3.5,11.9,2.08
334,Zach Randolph\randoza01,PF,20,POR,41,0,238,7.3,16.2,0.449,0,0,,7.3,16.2,0.449,2.7,4.1,0.667,4.7,5.7,10.4,2,1.1,0.6,2.3,4.4,17.2,2.06
335,Theo Ratliff\ratlith01,C,28,ATL,3,2,82,4.4,8.8,0.5,0,0,,4.4,8.8,0.5,2.6,4.8,0.545,2.2,4.8,7,0.4,0.4,3.5,3.1,3.5,11.4,2.08
336,Željko Rebrača\rebraze01,C,29,DET,74,4,1179,5.8,11.4,0.505,0,0,,5.8,11.4,0.505,4.1,5.3,0.771,2.6,6.3,8.9,1.2,0.9,2.2,2.6,5.9,15.7,2.13
337,Eldridge Recasner\recasel01,PG-SG,34,TOT,6,0,33,2.2,6.5,0.333,0,1.1,0,2.2,5.5,0.4,1.1,1.1,1,0,0,0,5.5,1.1,0,1.1,4.4,5.5,1.9
338,Michael Redd\reddmi01,SG,22,MIL,67,8,1417,7.5,15.5,0.483,2.2,5,0.444,5.2,10.4,0.501,2.3,2.9,0.791,2,3.7,5.7,2.3,1.1,0.2,1.4,2.4,19.5,1.98
339,Don Reid\reiddo01,PF,28,ORL,68,5,714,4.5,9.6,0.474,0,0,,4.5,9.6,0.474,2.2,3.4,0.647,3.3,5.6,8.9,1.4,1,2.2,2.7,9.1,11.3,2.03
340,Glen Rice\ricegl01,SF,34,HOU,20,20,606,3.9,9.9,0.389,1.1,3.8,0.281,2.8,6.1,0.456,1.4,1.8,0.8,0.3,2.5,2.8,1.8,0.7,0.2,1.4,2,10.2,2.03
341,Jason Richardson\richaja01,SG,21,GSW,80,75,2629,6.4,14.9,0.426,1.1,3.4,0.333,5.2,11.6,0.453,1.9,2.9,0.671,1.7,3,4.7,3.2,1.5,0.4,2.2,2.7,15.8,1.98
342,Norm Richardson\richano01,SG,22,TOT,11,0,67,5.4,14,0.385,2.1,4.3,0.5,3.2,9.7,0.333,3.2,4.8,0.667,1.6,2.7,4.3,1.1,0,0,1.6,2.7,16.1,1.96
343,Quentin Richardson\richaqu01,SG,21,LAC,81,0,2152,6.7,15.5,0.432,2.2,5.8,0.381,4.5,9.7,0.463,2.4,3.1,0.765,1.9,3.7,5.6,2.1,1.3,0.4,1.7,2.4,18,1.98
344,Mitch Richmond*\richmmi01,SG,36,LAL,64,2,709,5.1,12.5,0.405,0.9,3.1,0.29,4.2,9.4,0.443,2.1,2.2,0.955,0.7,4.1,4.8,2.9,0.9,0.3,2,3.1,13.2,1.96
345,Isaiah Rider\rideris01,SG,30,DEN,10,1,173,7.7,16.9,0.457,1.2,3.1,0.4,6.5,13.7,0.47,2.7,3.5,0.765,2.1,4.8,6.9,2.5,0.6,0.4,2.9,2.3,19.4,1.96
346,Clifford Robinson\robincl02,PF,35,DET,80,80,2855,5.7,13.5,0.425,1.5,3.8,0.378,4.3,9.6,0.443,1.8,2.6,0.694,1,3.9,4.9,2.5,1.1,1.2,1.9,3.1,14.7,2.08
347,David Robinson*\robinda01,C,36,SAS,78,78,2303,5.3,10.5,0.507,0,0,,5.3,10.5,0.507,4.2,6.2,0.681,3,7.1,10.1,1.5,1.3,2.2,1.6,3,14.9,2.16
348,Eddie Robinson\robined01,SF,25,CHI,29,12,653,6.2,13.6,0.453,0.1,0.3,0.4,6.1,13.3,0.455,2,2.6,0.75,1.3,3,4.3,2,1.3,0.6,2,1.9,14.4,2.03
349,Glenn Robinson\robingl01,SF,29,MIL,66,63,2346,8.2,17.6,0.467,0.9,2.7,0.326,7.3,14.9,0.493,3.6,4.3,0.837,1.1,5.2,6.2,2.6,1.5,0.6,2.7,2.7,21,2.01
350,Larry Robinson\robinla01,SG,34,NYK,2,0,10,3.6,14.4,0.25,3.6,7.2,0.5,0,7.2,0,0,0,,0,7.2,7.2,0,0,0,0,3.6,10.8,1.9
351,Carlos Rogers\rogerca01,C,30,IND,22,1,168,5.1,9.2,0.558,0.2,1.3,0.167,4.9,7.9,0.622,2.1,4.1,0.526,3,5.1,8.1,0.6,1.1,1.3,1.1,3.6,12.6,2.11
352,Rodney Rogers\rogerro01,SF,30,TOT,77,8,1880,6.8,14.5,0.471,1.7,4.5,0.374,5.1,10,0.514,2.2,2.9,0.785,2.5,4.2,6.7,2.1,1.3,0.6,2.1,4.3,17.6,2.01
353,Sean Rooks\rooksse01,C,32,LAC,61,2,728,4,9.6,0.418,0,0,,4,9.6,0.418,1,1.4,0.724,1.6,4.5,6.1,1.2,0.6,1,1,5.6,9,2.08
354,Jalen Rose\roseja01,SF,29,TOT,83,83,3153,7.6,16.6,0.455,1,2.8,0.362,6.6,13.8,0.474,3.2,3.8,0.839,0.5,3.8,4.3,4.1,0.9,0.5,2.3,2.9,19.4,2.03
355,Malik Rose\rosema01,PF,27,SAS,82,1,1725,6.1,13.2,0.463,0,0.3,0.083,6.1,13,0.47,3.9,5.4,0.72,3.6,6.7,10.3,1.3,1.5,0.9,2.9,4.3,16.1,2.01
356,Michael Ruffin\ruffimi01,PF,25,PHI,15,0,169,1.5,5.5,0.269,0,0,,1.5,5.5,0.269,0.4,1.7,0.25,4.9,6,10.9,1.1,1.1,1.7,2.3,4.9,3.4,2.08
357,Bryon Russell\russebr01,SG,31,UTA,66,40,1998,4,10.5,0.38,1.4,4.1,0.341,2.6,6.5,0.405,2.1,2.5,0.821,1.4,3.9,5.3,2.5,1.2,0.3,2,3.7,11.5,2.01
358,Daniel Santiago\santida01,C,25,PHO,3,0,24,6,12,0.5,0,0,,6,12,0.5,0,0,,0,10.5,10.5,3,0,1.5,3,6,12,2.16
359,Jeryl Sasser\sasseje01,SG,22,ORL,7,0,36,3,14,0.214,0,0,,3,14,0.214,4,5,0.8,3,4,7,2,3,0,2,3,10,1.98
360,Kenny Satterfield\satteke01,PG,20,DEN,36,4,560,4.7,12.8,0.367,0.5,1.7,0.259,4.2,11.1,0.384,2.3,3,0.783,1.1,2.3,3.3,6.9,2,0.1,3.4,2.8,12.2,1.88
361,Brian Scalabrine\scalabr01,PF,23,NJN,28,0,290,2.9,8.3,0.343,0.4,1.2,0.3,2.5,7.1,0.351,1.4,1.9,0.733,1.5,4.8,6.3,2.6,1.1,0.2,3,4.8,7.4,2.06
362,Shawnelle Scott\scottsh01,C,29,DEN,21,10,252,5.3,10.7,0.493,0,0,,5.3,10.7,0.493,1.1,2.9,0.4,7.6,7.1,14.7,1.1,0.4,0.9,2.1,7,11.7,2.08
363,Ansu Sesay\sesayan01,SF,25,SEA,9,0,142,5.6,11.2,0.5,0,0,,5.6,11.2,0.5,3.5,5.1,0.7,1.8,3.3,5.1,2,0.8,0.5,0.5,4.6,14.7,2.06
364,Brian Shaw\shawbr01,PG,35,LAL,58,0,631,3.5,9.9,0.353,1.7,5,0.33,1.8,4.8,0.376,1,1.5,0.692,1.1,5.3,6.4,5.1,1.4,0.2,1.8,2.5,9.6,1.98
365,Bobby Simmons\simmobo01,SF,21,WAS,30,3,343,4.5,10,0.453,0.4,1.5,0.286,4.1,8.5,0.481,2.3,3.1,0.733,2.6,2.8,5.5,1.8,1.4,0.5,1.5,3.3,11.8,2.01
366,Dickey Simpkins\simpkdi01,PF,29,ATL,1,0,3,0,0,,0,0,,0,0,,0,0,,0,0,0,12,0,0,0,0,0,2.06
367,Brian Skinner\skinnbr01,PF,25,CLE,65,8,1107,2.9,5.3,0.543,0,0,,2.9,5.3,0.543,1.6,2.6,0.608,3,6.1,9.1,0.6,0.8,2,1.4,4.2,7.3,2.06
368,Reggie Slater\slatere01,PF,31,TOT,8,0,47,5.4,11.5,0.467,0,0,,5.4,11.5,0.467,5.4,7.7,0.7,3.8,3.1,6.9,0.8,0.8,0.8,0.8,2.3,16.1,2.01
369,Charles Smith\smithch04,SG,26,SAS,60,22,1141,5.7,13.5,0.425,1.1,4.1,0.267,4.6,9.4,0.495,1.3,2.1,0.646,1.1,3.1,4.2,2.5,1.6,1.4,1.9,3.6,13.9,1.93
370,Jabari Smith\smithja01,C,24,TOT,23,0,181,5.2,12.5,0.413,0,0.6,0,5.2,11.9,0.433,4.2,6.4,0.656,1.6,4,5.6,2.2,1.2,1.2,1,6.2,14.5,2.11
371,Joe Smith\smithjo02,C,26,MIN,72,63,1922,5.6,10.9,0.511,0,0.1,0.667,5.5,10.8,0.51,3.2,3.9,0.83,2.8,5.6,8.5,1.5,0.7,1.1,1.6,4.7,14.4,2.08
372,Leon Smith\smithle01,C,21,ATL,14,0,100,3.6,9.4,0.385,0,0,,3.6,9.4,0.385,4,6.1,0.647,3.6,7.6,11.2,1.1,1.8,0.4,1.1,4.3,11.2,2.08
373,Steve Smith\smithst01,SG,32,SAS,77,76,2211,5,11.1,0.455,1.9,4,0.472,3.2,7.1,0.445,2.6,2.9,0.878,0.7,2.4,3.1,2.5,0.9,0.2,1.8,2.6,14.6,2.01
374,Eric Snow\snower01,PG,28,PHI,61,61,2225,4.5,10.1,0.442,0,0.4,0.111,4.4,9.7,0.457,3,3.7,0.806,0.5,2.9,3.5,6.5,1.5,0.1,2.2,2.7,11.9,1.9
375,Will Solomon\solomwi01,SG,23,MEM,62,4,872,4.7,13.7,0.341,1.9,6.7,0.284,2.8,7,0.396,2,3,0.671,0.5,2.3,2.8,3.8,1.4,0.3,2.6,3.1,13.3,1.85
376,Felton Spencer\spencfe01,C,34,NYK,32,8,248,0.9,3.8,0.231,0,0,,0.9,3.8,0.231,2.5,4.8,0.515,2.3,4.9,7.3,0.4,1,1.2,1.7,10.6,4.2,2.13
377,Latrell Sprewell\sprewla01,SF,31,NYK,81,81,3326,6.2,15.4,0.404,1.6,4.4,0.36,4.6,11,0.421,3.1,3.7,0.821,0.6,2.6,3.2,3.4,1,0.2,2.4,1.7,17,1.96
378,Jerry Stackhouse\stackje01,SF,27,DET,76,76,2685,7,17.7,0.397,1.2,4,0.287,5.9,13.7,0.43,6.6,7.7,0.858,1,3.2,4.2,5.4,1,0.5,3.6,2.2,21.8,1.98
379,John Starks\starkjo01,SG,36,UTA,66,1,929,4.4,12,0.368,1.1,3.7,0.305,3.3,8.3,0.395,1.3,1.6,0.805,0.6,2.1,2.6,2.7,1.3,0,2,4.9,11.2,1.9
380,Vladimir Stepania\stepavl01,C,25,MIA,67,4,884,4.8,10.1,0.47,0,0.1,0.5,4.7,10.1,0.47,2,4.2,0.481,4.1,6.9,11,0.7,1,1.8,2.1,4.2,11.6,2.13
381,DeShawn Stevenson\stevede01,SG,20,UTA,67,23,1134,4.5,11.8,0.385,0.1,0.8,0.08,4.5,11,0.408,1.2,1.7,0.698,1.4,2.8,4.2,3.7,0.9,0.8,2.2,2.6,10.3,1.96
382,Michael Stewart\stewami01,C,26,TOR,11,0,93,3.1,8.9,0.348,0,0,,3.1,8.9,0.348,2.3,4.3,0.545,4.6,5,9.7,1.2,1.5,1.2,1.5,8.5,8.5,2.08
383,Bryant Stith\stithbr01,SG,31,CLE,50,5,665,3.8,10.2,0.372,1.3,3.7,0.353,2.5,6.5,0.383,2.4,2.8,0.846,1.1,3.5,4.6,2.3,1.6,0.3,1.6,2.3,11.3,1.96
384,John Stockton*\stockjo01,PG,39,UTA,82,82,2566,5.6,10.9,0.517,0.4,1.1,0.321,5.3,9.8,0.539,3.9,4.5,0.857,0.8,2.9,3.7,9.5,2.1,0.3,2.9,2.9,15.5,1.85
385,Peja Stojaković\stojape01,SF,24,SAC,71,71,2649,7.4,15.4,0.484,1.8,4.2,0.416,5.7,11.1,0.51,3.8,4.4,0.876,1,4.1,5.1,2.4,1.1,0.2,1.9,1.6,20.5,2.08
386,Damon Stoudamire\stoudda01,PG,28,POR,75,71,2796,4.8,11.8,0.402,1.3,3.8,0.353,3.4,8,0.425,2.2,2.5,0.888,1,2.8,3.8,6.3,0.9,0.1,1.9,2,13.1,1.78
387,Erick Strickland\stricer01,PG,28,BOS,79,4,1643,4.2,10.7,0.389,2.1,5.4,0.385,2.1,5.3,0.394,2.9,3.4,0.845,0.5,4.2,4.7,4,1.2,0,2.1,3.2,13.3,1.9
388,Mark Strickland\stricma01,SF,31,ATL,46,10,654,5,11.2,0.446,0.1,0.2,0.25,5,11,0.45,1.4,2.4,0.568,2.3,5,7.2,1.1,1,0.9,1.5,2.6,11.4,2.06
389,Rod Strickland\stricro02,PG,35,MIA,76,64,2294,5,11.2,0.443,0.1,0.4,0.308,4.8,10.8,0.448,2.4,3.2,0.766,0.8,2.9,3.6,7.3,1.3,0.2,2.5,1.8,12.5,1.9
390,Bruno Šundov\sundobr01,C,21,IND,22,0,88,6.5,16.4,0.4,0,0.4,0,6.5,16,0.41,0,0.8,0,2.9,5.7,8.6,1.2,1.2,1.2,1.6,6.5,13.1,2.18
391,Bob Sura\surabo01,PG,28,GSW,78,5,1780,5.1,11.9,0.424,0.8,2.7,0.316,4.2,9.2,0.455,4.8,6.6,0.72,1.8,3.4,5.2,5.6,1.8,0.3,2.7,3.2,15.7,1.96
392,Stromile Swift\swiftst01,PF,22,MEM,68,14,1805,5.8,12.2,0.48,0,0.1,0,5.8,12.1,0.482,4.3,6.1,0.711,3.2,5.4,8.6,1,1.1,2.3,2.4,3.6,16,2.06
393,Wally Szczerbiak\szczewa02,SF,24,MIN,82,82,3117,7,13.9,0.508,1,2.2,0.455,6,11.7,0.517,2.6,3.1,0.831,1.4,3.1,4.5,3,0.8,0.2,2.1,2.2,17.7,2.01
394,Jason Terry\terryja01,SG,24,ATL,78,78,2967,6.4,14.8,0.43,2.1,5.4,0.387,4.3,9.4,0.454,3.4,4.1,0.835,0.5,2.8,3.3,5.4,1.7,0.2,2.2,1.9,18.2,1.88
395,Etan Thomas\thomaet01,C,23,WAS,47,0,618,4.7,8.8,0.536,0,0,,4.7,8.8,0.536,2.4,4.3,0.554,3.2,7.3,10.5,0.3,1,2,1.5,4.4,11.8,2.06
396,Kenny Thomas\thomake01,PF,24,HOU,72,71,2484,5.7,12,0.478,0,0.2,0,5.7,11.8,0.487,3.2,4.9,0.664,2.3,5.2,7.5,2,1.2,1,2.1,2.8,14.7,2.01
397,Kurt Thomas\thomaku01,C,29,NYK,82,82,2771,6,12.2,0.494,0,0.1,0.167,6,12.1,0.496,2.8,3.4,0.815,2.8,6.9,9.7,1.1,0.9,1,2,4.4,14.8,2.06
398,Tim Thomas\thomati01,SF,24,MIL,74,22,1987,5.7,13.6,0.42,1.7,5.3,0.326,4,8.4,0.478,2.6,3.2,0.793,1.2,4.3,5.4,1.9,1.2,0.6,2.3,3.6,15.7,2.08
399,Jamaal Tinsley\tinslja01,PG,23,IND,80,78,2442,4.3,11.2,0.38,0.6,2.6,0.24,3.6,8.6,0.422,1.9,2.7,0.704,1.1,3.2,4.4,9.5,2,0.6,4,3.7,11.1,1.9
400,Óscar Torres\torreos01,SG,25,HOU,65,13,1075,4.5,11.4,0.396,1.2,4.2,0.294,3.3,7.2,0.456,2.7,3.5,0.781,1.6,2.5,4.1,1.3,0.8,0.3,1.6,2.1,13,1.98
401,Robert Traylor\traylro01,PF,24,CHH,61,1,678,4.6,10.8,0.426,0.1,0.1,1,4.6,10.8,0.424,2.8,4.5,0.631,3.6,6.4,9.9,2,1.3,2,2.4,6.7,12.1,2.03
402,Gary Trent\trentga01,PF,27,MIN,64,10,1140,6.1,12,0.507,0,0.1,0,6.1,12,0.509,2.9,4.5,0.639,3.3,5.2,8.5,1.9,0.7,0.9,1.8,5.1,15.1,2.03
403,Jeff Trepagnier\trepaje01,SG,22,CLE,12,0,77,3.3,10.8,0.304,0,0.5,0,3.3,10.3,0.318,1.9,3.3,0.571,1.4,4.2,5.6,5.6,3.7,1.9,5.1,3.7,8.4,1.93
404,Jake Tsakalidis\tsakaja01,C,22,PHO,67,47,1582,4.3,9.1,0.475,0,0,0,4.3,9.1,0.476,2.5,3.6,0.698,3,5.6,8.5,0.5,0.5,1.6,1.8,4.4,11.2,2.18
405,Hedo Türkoğlu\turkohe01,SF,22,SAC,80,10,1970,5.3,12.6,0.422,1.2,3.1,0.368,4.1,9.4,0.44,3.1,4.2,0.726,1.2,5.5,6.6,3,1,0.6,1.5,3.4,14.8,2.08
406,Nick Van Exel\vanexni01,PG-SG,30,TOT,72,46,2496,7.2,17.7,0.409,1.7,5,0.34,5.5,12.6,0.436,2.9,3.6,0.801,0.4,3.3,3.7,6.9,0.6,0.2,2.3,1.5,19.1,1.85
407,Keith Van Horn\vanhoke01,SF,26,NJN,81,81,2465,6.9,15.9,0.433,1.5,4.3,0.345,5.4,11.6,0.465,2.3,2.8,0.8,2,6.9,8.9,2.4,0.9,0.6,2.1,3.2,17.5,2.08
408,Ratko Varda\vardara01,C,22,DET,1,0,6,12,18,0.667,0,0,,12,18,0.667,6,6,1,0,6,6,0,0,0,6,18,30,2.16
409,Jacque Vaughn\vaughja01,PG,26,ATL,82,16,1856,4,8.5,0.47,0.5,1,0.444,3.5,7.4,0.474,2,2.4,0.825,0.3,2.9,3.3,6.8,1.3,0,2.2,3.5,10.5,1.85
410,Jake Voskuhl\voskuja01,C,24,PHO,59,34,900,4.3,7.7,0.554,0,0,,4.3,7.7,0.554,3.3,4.4,0.752,4.1,5.9,10,0.7,0.4,0.9,1.9,5.6,11.8,2.11
411,Antoine Walker\walkean02,PF,25,BOS,81,81,3406,7,17.9,0.394,2.3,6.8,0.344,4.7,11,0.425,2.5,3.4,0.741,1.6,6,7.5,4.3,1.3,0.4,2.7,2.5,19,2.03
412,Samaki Walker\walkesa01,PF,25,LAL,69,63,1655,4.1,7.9,0.512,0,0,,4.1,7.9,0.512,1.9,2.8,0.667,2.8,7.7,10.5,1.4,0.6,1.9,1.2,3.7,10,2.06
413,Ben Wallace*\wallabe01,C,27,DET,80,80,2921,3.1,5.9,0.531,0,0,0,3.1,5.9,0.535,1.2,2.9,0.423,3.9,8.9,12.8,1.4,1.7,3.4,0.9,2.2,7.5,2.06
414,Gerald Wallace\wallage01,SF,19,SAC,54,1,430,6.3,14.7,0.429,0,0.6,0,6.3,14.1,0.446,1.9,3.9,0.5,4.1,3.3,7.5,2.3,1.6,0.5,1.8,3.9,14.5,2.01
415,John Wallace\wallajo01,SF,27,PHO,46,0,490,6.8,15.7,0.435,0.4,1,0.385,6.5,14.8,0.438,2.9,3.4,0.87,2,4.3,6.2,2.1,0.8,0.7,2.1,4.4,17,2.03
416,Rasheed Wallace\wallara01,PF,27,POR,79,79,2963,7.3,15.6,0.469,1.4,3.9,0.36,5.9,11.8,0.504,2.4,3.3,0.734,1.7,6.2,7.8,1.8,1.2,1.2,1.6,2.6,18.5,2.08
417,Charlie Ward\wardch01,PG,31,NYK,63,0,1058,3.8,10.3,0.373,1.8,5.6,0.323,2,4.7,0.432,1.6,2,0.81,0.5,3.8,4.3,6.9,2.3,0.5,2.6,3.4,11.1,1.88
418,Earl Watson\watsoea01,PG,22,SEA,64,0,964,3.6,7.9,0.453,0.6,1.6,0.364,3,6.3,0.476,0.9,1.3,0.639,1.2,1.9,3.1,4.7,2.2,0.2,1.9,3.5,8.6,1.85
419,Clarence Weatherspoon\weathcl01,PF,31,NYK,56,41,1728,3.9,9.4,0.418,0,0,,3.9,9.4,0.418,2.4,3,0.795,3.1,6.5,9.6,1.2,0.8,1,1,2.7,10.3,1.98
420,Chris Webber*\webbech01,PF,28,SAC,54,54,2071,9.2,18.7,0.495,0.1,0.3,0.263,9.2,18.4,0.499,4.4,5.9,0.749,2.6,6.9,9.5,4.5,1.6,1.3,2.7,3.1,23,2.06
421,Bonzi Wells\wellsbo01,SG,25,POR,74,69,2348,7.5,15.9,0.469,1,2.6,0.384,6.5,13.3,0.486,3.3,4.4,0.741,1.9,5,6.8,3.1,1.7,0.4,2.9,3.2,19.2,1.96
422,David Wesley\wesleda01,SG,31,CHH,67,63,2487,5.3,13.2,0.4,1.2,3.7,0.332,4,9.5,0.427,2,2.7,0.734,0.6,1.4,2.1,3.4,1.1,0.2,1.7,2.1,13.8,1.83
423,Jahidi White\whiteja01,C,25,WAS,71,69,1346,4,7.5,0.538,0,0,,4,7.5,0.538,2.2,4.1,0.539,4.3,7.6,11.9,0.5,0.7,2,1.7,4.4,10.2,2.06
424,Rodney White\whitero02,SF,21,DET,16,0,129,5.9,16.7,0.35,0.6,2.5,0.222,5.3,14.2,0.373,3.3,3.9,0.857,0.6,4.5,5,3.3,2.5,0.6,3.9,1.7,15.6,2.06
425,Chris Whitney\whitnch01,PG,30,WAS,82,81,2171,4.5,10.9,0.418,2.2,5.4,0.406,2.4,5.5,0.429,2.6,2.9,0.88,0.2,2.3,2.5,5.2,1.2,0.1,1.4,3,13.8,1.83
426,Aaron Williams\williaa01,PF,30,NJN,82,13,1546,5.4,10.2,0.526,0,0,0,5.4,10.2,0.529,3,4.3,0.699,2.7,5.2,7.9,1.8,0.7,1.8,1.8,4.9,13.8,2.06
427,Alvin Williams\willial02,PG,27,TOR,82,82,2927,5,11.9,0.415,0.8,2.4,0.321,4.2,9.6,0.438,1.3,1.7,0.736,0.7,2.7,3.5,5.8,1.7,0.3,1.8,2.3,11.9,1.96
428,Eric Williams\willier01,SF,29,BOS,74,30,1747,3,7.9,0.374,0.5,1.8,0.279,2.5,6.2,0.401,3.3,4.5,0.731,1.2,3.4,4.6,2.2,1.6,0.2,2,3.7,9.7,2.03
429,Jason Williams\willija02,PG,26,MEM,65,65,2236,6.1,15.9,0.382,2,6.9,0.295,4,8.9,0.449,1.3,1.6,0.792,0.4,2.8,3.1,8.4,1.8,0.1,3.4,1.6,15.4,1.85
430,Jerome Williams\willije01,PF,28,TOR,68,32,1641,4.2,8.5,0.49,0,0,,4.2,8.5,0.49,3,4.5,0.676,3.6,4.8,8.5,1.6,1.7,0.5,1.5,3.4,11.4,2.06
431,Monty Williams\willimo01,SF,30,ORL,68,19,1284,5.6,10.1,0.547,0,0.1,0,5.6,10,0.553,2.5,3.8,0.657,2.2,4.3,6.6,2.7,1.4,0.5,2.4,3.8,13.6,2.03
432,Scott Williams\willisc01,PF,33,DEN,41,16,737,4.2,10.6,0.396,0,0.1,0,4.2,10.5,0.4,1.5,2,0.732,4,6.2,10.2,0.6,0.8,1.6,1.7,4.8,9.9,2.08
433,Shammond Williams\willish01,SG,26,SEA,50,2,603,4.8,11.5,0.42,1.7,4.5,0.373,3.2,7,0.449,1.9,2.3,0.795,1,2.8,3.8,5,1.3,0.1,2.1,2.1,13.2,1.85
434,Walt Williams\williwa02,SF,31,HOU,48,25,1117,5.4,12.8,0.419,2.5,5.9,0.426,2.8,6.9,0.413,1.3,1.6,0.784,1.2,4,5.2,2.2,0.6,0.3,1.7,3.4,14.5,2.03
435,Corliss Williamson\willico02,SF,28,DET,78,7,1701,8.7,17.1,0.51,0,0.1,0.2,8.7,17,0.512,5.1,6.3,0.805,2.5,4.3,6.8,2,1,0.6,2.9,4.8,22.5,2.01
436,Kevin Willis\willike02,PF,39,HOU,52,5,865,5.2,11.8,0.44,0,0,0,5.2,11.8,0.442,2.7,3.6,0.747,4.4,8.1,12.4,0.6,1,1,1.7,4.1,13.1,2.13
437,Loren Woods\woodslo01,C,23,MIN,60,0,516,2.3,6.7,0.344,0,0.1,0,2.3,6.6,0.351,3.1,4.2,0.733,3.2,5.3,8.5,1.5,1.2,2.4,2.5,4.2,7.7,2.16
438,Metta World Peace\artesro01,SF,22,TOT,55,50,1642,5.9,13.9,0.423,1.2,3.7,0.312,4.7,10.2,0.464,3,4.5,0.667,1.6,4.3,5.9,2.8,3.1,0.9,2.6,4.8,15.9,2.01
439,Lorenzen Wright\wrighlo02,C,26,MEM,43,33,1251,6.4,14,0.459,0,0.1,0,6.4,13.9,0.461,2,3.5,0.569,3.7,7.9,11.7,1.3,0.9,0.7,2.1,3.6,14.8,2.11
440,Wang Zhizhi\zhizhwa01,C,24,DAL,55,0,600,6.5,14.9,0.44,2.9,7,0.414,3.7,7.9,0.462,2.5,3.4,0.737,1.1,5.5,6.7,1.3,0.7,1.1,1.5,5,18.5,2.13
